2017-03-31,AADR,825000,46.425000,0.000000
2017-03-31,AAXJ,46600000,63.400000,0.000000
2017-03-31,ACIM,1400000,69.172100,0.000000
2017-03-31,ACSI,600000,27.930500,0.000000
2017-03-31,ACTX,100000,14.380000,0.000000
2017-03-31,ACWF,800000,25.736400,0.000000
2017-03-31,ACWI,103200000,63.250000,0.000000
2017-03-31,ACWV,39200000,77.028100,0.000000
2017-03-31,ACWX,47600000,43.650000,0.000000
2017-03-31,ADRA,700000,29.620000,0.000000
2017-03-31,ADRD,2800000,20.940000,0.000000
2017-03-31,ADRE,3650000,36.850000,0.000000
2017-03-31,ADRU,650000,20.400000,0.000000
2017-03-31,ADZ,18000,31.872900,0.000000
2017-03-31,AFK,3250000,20.717500,0.000000
2017-03-31,AFTY,406000,13.840000,0.000000
2017-03-31,AGA,26000,26.738400,0.000000
2017-03-31,AGF,131600,11.321100,0.000000
2017-03-31,AGG,400400000,108.461200,97498440.000000
2017-03-31,AGGE,4000001,19.441400,0.000000
2017-03-31,AGGP,10950001,19.870100,1985930.000000
2017-03-31,AGGY,2500000,49.720400,0.000000
2017-03-31,AGND,400000,43.950000,0.000000
2017-03-31,AGQ,7546526,40.597000,0.000000
2017-03-31,AGZ,5600000,113.030500,0.000000
2017-03-31,AGZD,500000,48.050000,0.000000
2017-03-31,AIA,6600000,53.110000,0.000000
2017-03-31,AIRR,8700002,23.480000,0.000000
2017-03-31,ALD,400000,44.412300,0.000000
2017-03-31,ALFA,800000,37.918100,0.000000
2017-03-31,ALFI,100000,21.253600,0.000000
2017-03-31,ALTY,600000,15.430000,0.000000
2017-03-31,AMJ,119000000,32.270000,0.000000
2017-03-31,AMJL,119000000,27.660000,0.000000
2017-03-31,AMLP,850862100,12.736400,25250600.000000
2017-03-31,AMU,19184000,20.360000,0.000000
2017-03-31,AMUB,1500000,20.840000,0.000000
2017-03-31,AMZA,30900004,11.152700,2206220.000000
2017-03-31,AND,650000,8.710000,0.000000
2017-03-31,ANGL,25150000,29.461700,17650740.000000
2017-03-31,AOA,11350000,49.924900,0.000000
2017-03-31,AOK,9900000,33.300700,0.000000
2017-03-31,AOM,17350000,36.380700,0.000000
2017-03-31,AOR,21750000,42.359200,0.000000
2017-03-31,ARGT,4824975,28.240000,0.000000
2017-03-31,ARKG,505000,20.617800,0.000000
2017-03-31,ARKK,750000,23.878500,0.000000
2017-03-31,ARKQ,1000000,24.627000,0.000000
2017-03-31,ARKW,750000,28.829800,0.000000
2017-03-31,ASEA,800000,14.260000,0.000000
2017-03-31,ASET,100001,26.430000,0.000000
2017-03-31,ASHR,16050001,25.094600,0.000000
2017-03-31,ASHS,650001,33.853600,0.000000
2017-03-31,ASHX,150001,19.488700,0.000000
2017-03-31,ATMP,20585000,23.850000,0.000000
2017-03-31,AUSE,650000,55.806800,0.000000
2017-03-31,AXJL,750000,56.354900,0.000000
2017-03-31,AXJV,200000,31.831200,0.000000
2017-03-31,AYT,29000,40.920000,0.000000
2017-03-31,BAB,32700000,29.459100,0.000000
2017-03-31,BAL,279000,48.950000,0.000000
2017-03-31,BBC,1100004,23.100000,1160000.000000
2017-03-31,BBH,5696503,118.240000,0.000000
2017-03-31,BBP,1000004,37.250000,0.000000
2017-03-31,BBRC,4400000,16.140600,0.000000
2017-03-31,BCM,1816000,26.790000,0.000000
2017-03-31,BDCL,13675000,21.600000,0.000000
2017-03-31,BDCS,3715000,23.740000,0.000000
2017-03-31,BDCZ,1500000,23.850000,0.000000
2017-03-31,BDD,595000,7.618200,0.000000
2017-03-31,BEMO,1200000,26.541300,0.000000
2017-03-31,BFIT,100000,15.330000,0.000000
2017-03-31,BFOR,5300000,36.636100,0.000000
2017-03-31,BIB,8100000,47.520000,0.000000
2017-03-31,BICK,350002,24.640000,0.000000
2017-03-31,BIGD,100000,24.934000,0.000000
2017-03-31,BIL,41000461,45.718100,4571660.000000
2017-03-31,BIS,1984998,28.200000,0.000000
2017-03-31,BIV,151654060,83.560000,16686000.000000
2017-03-31,BIZD,9050000,19.240200,0.000000
2017-03-31,BJK,550000,37.745100,0.000000
2017-03-31,BKF,5750000,35.971900,0.000000
2017-03-31,BKLN,384600000,23.235500,0.000000
2017-03-31,BLES,1100000,25.360000,0.000000
2017-03-31,BLHY,5304000,25.125000,0.000000
2017-03-31,BLNG,23000,32.780000,0.000000
2017-03-31,BLV,21600000,89.880000,0.000000
2017-03-31,BMLA,100000,31.520000,0.000000
2017-03-31,BND,407923018,81.040000,0.000000
2017-03-31,BNDC,125000,24.780000,0.000000
2017-03-31,BNDS,19800132,57.162200,0.000000
2017-03-31,BNDX,123725348,54.250000,10826000.000000
2017-03-31,BNO,7100000,14.498800,0.000000
2017-03-31,BOIL,3842169,12.272800,0.000000
2017-03-31,BOM,79000,11.249200,0.000000
2017-03-31,BOND,19030000,105.419400,0.000000
2017-03-31,BOS,42700,20.335200,0.000000
2017-03-31,BOTZ,2950000,17.290000,3472000.000000
2017-03-31,BRAQ,400000,13.810000,0.000000
2017-03-31,BRAZ,450000,10.040000,0.000000
2017-03-31,BRF,5050000,19.913400,0.000000
2017-03-31,BRZU,1903728,41.193600,-2053665.000000
2017-03-31,BSCH,34500000,22.643500,0.000000
2017-03-31,BSCI,46950000,21.182600,0.000000
2017-03-31,BSCJ,43800000,21.170000,0.000000
2017-03-31,BSCK,39450000,21.332900,0.000000
2017-03-31,BSCL,30150000,21.091500,0.000000
2017-03-31,BSCM,23550000,21.030100,0.000000
2017-03-31,BSCN,8100000,20.631200,0.000000
2017-03-31,BSCO,7500000,20.517100,0.000000
2017-03-31,BSCP,3000000,20.267400,0.000000
2017-03-31,BSCQ,1350000,19.249800,0.000000
2017-03-31,BSJH,23100000,25.831700,0.000000
2017-03-31,BSJI,42700000,25.262700,5051460.000000
2017-03-31,BSJJ,27600000,24.428700,0.000000
2017-03-31,BSJK,16600000,24.593400,0.000000
2017-03-31,BSJL,5800000,24.909600,0.000000
2017-03-31,BSJM,4400000,25.255800,0.000000
2017-03-31,BSJN,1400000,26.680800,0.000000
2017-03-31,BSJO,800000,25.375300,0.000000
2017-03-31,BSV,270612541,79.690000,0.000000
2017-03-31,BSWN,1129900,22.863800,0.000000
2017-03-31,BTAL,400001,19.764300,0.000000
2017-03-31,BTEC,250000,26.806700,0.000000
2017-03-31,BUZ,150002,27.491500,0.000000
2017-03-31,BWV,127000,72.150000,0.000000
2017-03-31,BWX,43300038,26.614500,0.000000
2017-03-31,BWZ,6000000,30.222500,0.000000
2017-03-31,BYLD,700000,24.827200,0.000000
2017-03-31,BZF,1200000,18.116100,0.000000
2017-03-31,BZQ,2749902,13.600000,0.000000
2017-03-31,CAFE,341000,14.180000,0.000000
2017-03-31,CANE,375004,11.794000,0.000000
2017-03-31,CAPE,522000,103.330000,0.000000
2017-03-31,CARZ,550002,36.040000,0.000000
2017-03-31,CATH,3100000,28.560000,0.000000
2017-03-31,CBND,1000000,31.810800,0.000000
2017-03-31,CBON,300000,22.253000,0.000000
2017-03-31,CDC,9600000,42.560000,2146000.000000
2017-03-31,CDL,2450000,41.730000,0.000000
2017-03-31,CEFL,13875000,17.500000,0.000000
2017-03-31,CEW,2500000,18.371900,0.000000
2017-03-31,CEZ,1100000,26.960000,0.000000
2017-03-31,CFA,5100000,42.480000,0.000000
2017-03-31,CFO,7500000,42.420000,4265000.000000
2017-03-31,CGW,16040000,30.998500,0.000000
2017-03-31,CHAD,2150000,39.554700,0.000000
2017-03-31,CHAU,2850000,19.418800,0.000000
2017-03-31,CHEP,100000,26.482900,0.000000
2017-03-31,CHIE,150000,10.840000,0.000000
2017-03-31,CHII,250000,14.250000,0.000000
2017-03-31,CHIM,199971,16.550000,0.000000
2017-03-31,CHIQ,5750000,13.280000,0.000000
2017-03-31,CHIX,1950000,14.360000,0.000000
2017-03-31,CHOC,132000,30.860000,0.000000
2017-03-31,CIBR,9800002,21.490000,-3256500.000000
2017-03-31,CID,850000,33.340000,0.000000
2017-03-31,CIL,350000,35.350000,0.000000
2017-03-31,CIU,62500000,108.868500,0.000000
2017-03-31,CIZ,1650000,30.600000,0.000000
2017-03-31,CJNK,1700000,26.101400,0.000000
2017-03-31,CLAW,150000,18.949000,0.000000
2017-03-31,CLTL,3520001,105.418800,0.000000
2017-03-31,CLY,13500000,59.195000,0.000000
2017-03-31,CLYH,450000,25.044800,0.000000
2017-03-31,CMBS,4450000,51.144600,0.000000
2017-03-31,CMDT,650000,35.943900,0.000000
2017-03-31,CMF,6250000,116.110900,0.000000
2017-03-31,CN,150001,29.148000,0.000000
2017-03-31,CNCR,1200000,24.000000,0.000000
2017-03-31,CNDA,650000,17.227600,0.000000
2017-03-31,CNHX,50000,25.890000,0.000000
2017-03-31,CNTR,100001,30.078800,0.000000
2017-03-31,CNXT,800000,30.153000,0.000000
2017-03-31,CNY,365000,40.840000,0.000000
2017-03-31,COBO,65001,100.640000,0.000000
2017-03-31,COM,0,25.040000,0.000000
2017-03-31,COMT,4900000,33.430000,0.000000
2017-03-31,COPX,2099374,22.800000,0.000000
2017-03-31,CORN,3625004,19.012700,0.000000
2017-03-31,CORP,6830000,103.079700,0.000000
2017-03-31,COW,523000,22.150000,0.000000
2017-03-31,CPER,850000,17.314200,0.000000
2017-03-31,CPI,1050000,27.173900,0.000000
2017-03-31,CQQQ,1600000,41.762200,0.000000
2017-03-31,CRAK,150000,22.500800,0.000000
2017-03-31,CRBN,3500000,103.776200,0.000000
2017-03-31,CRDT,100000,73.880000,0.000000
2017-03-31,CRED,11850000,109.700300,0.000000
2017-03-31,CROC,300000,48.854300,0.000000
2017-03-31,CROP,450000,32.399100,0.000000
2017-03-31,CSA,550000,41.020000,0.000000
2017-03-31,CSB,750000,39.940000,0.000000
2017-03-31,CSCR,78000,13.500000,0.000000
2017-03-31,CSD,4350000,45.854200,0.000000
2017-03-31,CSF,1150000,40.150000,0.000000
2017-03-31,CSJ,108600000,105.119400,0.000000
2017-03-31,CSLS,538000,27.110000,0.000000
2017-03-31,CTNN,35000,31.870000,0.000000
2017-03-31,CUMB,950004,25.084200,0.000000
2017-03-31,CUPM,22000,29.460000,0.000000
2017-03-31,CURE,4550008,34.498100,0.000000
2017-03-31,CUT,6950000,26.352600,0.000000
2017-03-31,CVY,18450800,20.701200,0.000000
2017-03-31,CWAI,100000,24.990300,0.000000
2017-03-31,CWB,72800000,48.002800,0.000000
2017-03-31,CWEB,100001,28.768600,0.000000
2017-03-31,CWI,35600000,33.981000,0.000000
2017-03-31,CWS,400000,27.707900,0.000000
2017-03-31,CXSE,150000,57.000000,0.000000
2017-03-31,CYB,1500000,24.124600,0.000000
2017-03-31,CZA,2800000,58.239400,0.000000
2017-03-31,DAG,2383100,3.350100,0.000000
2017-03-31,DAX,450000,27.100000,0.000000
2017-03-31,DBA,36800040,19.754300,0.000000
2017-03-31,DBAP,150001,25.088900,0.000000
2017-03-31,DBAU,150001,27.231400,0.000000
2017-03-31,DBAW,3650001,25.254600,0.000000
2017-03-31,DBB,17200040,16.380700,0.000000
2017-03-31,DBBR,400800,10.975500,0.000000
2017-03-31,DBC,160200000,15.150000,0.000000
2017-03-31,DBE,11600040,12.586300,0.000000
2017-03-31,DBEF,282350800,29.549700,0.000000
2017-03-31,DBEM,8750800,20.589800,0.000000
2017-03-31,DBEU,86550001,27.050000,0.000000
2017-03-31,DBEZ,1800001,28.898900,0.000000
2017-03-31,DBGR,2600800,27.117000,0.000000
2017-03-31,DBIF,150001,25.079900,0.000000
2017-03-31,DBJP,45900800,37.371100,0.000000
2017-03-31,DBKO,1100001,26.494200,0.000000
2017-03-31,DBMX,150001,20.563500,0.000000
2017-03-31,DBO,45600040,8.788000,0.000000
2017-03-31,DBP,4200040,38.143300,0.000000
2017-03-31,DBS,1000040,28.379700,0.000000
2017-03-31,DBUK,250001,21.198200,0.000000
2017-03-31,DBV,1600000,25.259900,0.000000
2017-03-31,DCNG,35000,19.010000,0.000000
2017-03-31,DDBI,200000,26.010000,0.000000
2017-03-31,DDG,175000,24.540000,0.000000
2017-03-31,DDM,3550000,91.380000,0.000000
2017-03-31,DDP,17600,53.605800,0.000000
2017-03-31,DEE,9000,81.897100,0.000000
2017-03-31,DEEF,250001,25.698900,0.000000
2017-03-31,DEF,4100000,41.339500,0.000000
2017-03-31,DEM,42300000,40.694500,0.000000
2017-03-31,DEMG,450001,26.880000,0.000000
2017-03-31,DES,24500000,80.631400,0.000000
2017-03-31,DESC,150001,31.293500,0.000000
2017-03-31,DEUS,2250001,28.540400,0.000000
2017-03-31,DEW,2000000,44.754500,0.000000
2017-03-31,DFE,13100000,59.159300,0.000000
2017-03-31,DFJ,7150000,66.477000,0.000000
2017-03-31,DFNL,1851700,20.690000,0.000000
2017-03-31,DGAZ,11375000,20.926500,0.000000
2017-03-31,DGL,3600040,40.031000,0.000000
2017-03-31,DGP,4970000,23.454900,0.000000
2017-03-31,DGRE,2100000,23.210000,0.000000
2017-03-31,DGRO,46650000,30.433800,0.000000
2017-03-31,DGRS,3100000,32.510000,0.000000
2017-03-31,DGRW,36400000,35.390000,14192000.000000
2017-03-31,DGS,24800000,44.620800,0.000000
2017-03-31,DGT,1100464,74.553500,0.000000
2017-03-31,DGZ,1110100,14.081100,0.000000
2017-03-31,DHS,18450000,68.475200,0.000000
2017-03-31,DHVW,700000,27.612700,0.000000
2017-03-31,DIA,78142867,206.339000,-31048725.000000
2017-03-31,DIG,4025000,37.400000,1878000.000000
2017-03-31,DIM,3000000,59.875000,0.000000
2017-03-31,DIRT,60000,31.090000,0.000000
2017-03-31,DIV,15300000,25.150000,0.000000
2017-03-31,DIVA,150000,25.586400,0.000000
2017-03-31,DIVC,4000000,31.210000,0.000000
2017-03-31,DIVI,225000,18.184800,0.000000
2017-03-31,DIVY,1954347,26.096300,0.000000
2017-03-31,DJCI,8279000,15.400000,0.000000
2017-03-31,DJD,250000,29.671900,0.000000
2017-03-31,DJP,39535000,23.330000,0.000000
2017-03-31,DLN,23400000,82.920200,0.000000
2017-03-31,DLS,19700000,65.179400,6550490.000000
2017-03-31,DNL,1000000,50.031000,-5044740.000000
2017-03-31,DNO,150000,67.227600,0.000000
2017-03-31,DOD,1840000,19.730000,0.000000
2017-03-31,DOG,15200000,18.110000,0.000000
2017-03-31,DOL,7900000,45.452300,0.000000
2017-03-31,DON,28950000,97.497600,0.000000
2017-03-31,DOO,5050000,39.716300,0.000000
2017-03-31,DPK,334916,19.317100,0.000000
2017-03-31,DPST,500000,62.243600,0.000000
2017-03-31,DRIP,1429803,16.114600,0.000000
2017-03-31,DRN,3350000,21.615900,0.000000
2017-03-31,DRR,710000,62.440000,0.000000
2017-03-31,DRV,1308309,12.051400,0.000000
2017-03-31,DRW,2950000,28.156000,0.000000
2017-03-31,DSI,9150000,86.759100,0.000000
2017-03-31,DSUM,1700000,22.148900,0.000000
2017-03-31,DTD,6800000,84.044600,0.000000
2017-03-31,DTH,6200000,40.385700,0.000000
2017-03-31,DTN,10950000,82.497900,0.000000
2017-03-31,DTO,500000,121.616800,0.000000
2017-03-31,DUG,867108,42.280000,0.000000
2017-03-31,DULL,50001,27.349200,0.000000
2017-03-31,DUSA,1501700,20.200000,0.000000
2017-03-31,DUST,8018705,30.971500,0.000000
2017-03-31,DVHL,835000,22.940000,0.000000
2017-03-31,DVP,3300000,26.791400,0.000000
2017-03-31,DVY,187650000,91.119100,-9120190.000000
2017-03-31,DVYA,950000,48.557900,0.000000
2017-03-31,DVYE,7200000,39.665400,10003550.000000
2017-03-31,DVYL,590000,62.710000,0.000000
2017-03-31,DWAC,100002,24.230000,0.000000
2017-03-31,DWAQ,400000,84.500000,0.000000
2017-03-31,DWAS,4850000,40.300000,0.000000
2017-03-31,DWAT,900000,10.740000,0.000000
2017-03-31,DWFI,1525000,25.230000,0.000000
2017-03-31,DWIN,4200001,27.950000,0.000000
2017-03-31,DWLD,1401700,21.040000,0.000000
2017-03-31,DWLV,150001,26.600000,0.000000
2017-03-31,DWM,14200000,49.574500,0.000000
2017-03-31,DWT,3800000,26.892800,0.000000
2017-03-31,DWTR,5050001,24.380000,0.000000
2017-03-31,DWX,30001326,38.008900,0.000000
2017-03-31,DXD,19123767,12.830000,0.000000
2017-03-31,DXGE,4100000,30.400000,-3040000.000000
2017-03-31,DXJ,166900000,50.400200,-61157520.000000
2017-03-31,DXJC,1100000,24.905000,0.000000
2017-03-31,DXJF,1550000,23.506300,0.000000
2017-03-31,DXJH,150000,32.263000,0.000000
2017-03-31,DXJR,350000,13.269200,0.000000
2017-03-31,DXJS,3100000,37.400000,0.000000
2017-03-31,DXPS,750000,23.810000,0.000000
2017-03-31,DXUS,200000,24.635000,0.000000
2017-03-31,DYY,553000,1.981700,0.000000
2017-03-31,DZK,400001,56.041400,0.000000
2017-03-31,DZZ,4930000,5.789500,0.000000
2017-03-31,EBND,4500000,28.224000,0.000000
2017-03-31,ECCB,0,25.810000,0.000000
2017-03-31,ECH,10950000,43.429300,0.000000
2017-03-31,ECNS,450000,45.495900,0.000000
2017-03-31,ECON,29950000,24.747000,2521040.000000
2017-03-31,EDBI,250000,28.528000,0.000000
2017-03-31,EDC,2231598,73.810200,0.000000
2017-03-31,EDIV,11650000,29.237600,0.000000
2017-03-31,EDOG,1150000,23.217100,0.000000
2017-03-31,EDV,3850000,110.370000,0.000000
2017-03-31,EDZ,6827763,17.316500,847825.000000
2017-03-31,EEB,2600800,31.539600,0.000000
2017-03-31,EEH,106000,17.230000,0.000000
2017-03-31,EELV,10700000,22.989500,0.000000
2017-03-31,EEM,756900000,39.172900,0.000000
2017-03-31,EEMA,5250000,60.440000,0.000000
2017-03-31,EEMO,100000,16.547400,0.000000
2017-03-31,EEMS,4250000,45.837600,0.000000
2017-03-31,EEMV,69500000,53.422500,0.000000
2017-03-31,EEMX,100000,57.461200,0.000000
2017-03-31,EES,15250000,32.155200,0.000000
2017-03-31,EET,375000,64.910000,0.000000
2017-03-31,EEV,2819744,12.800000,0.000000
2017-03-31,EFA,1083000000,62.143200,0.000000
2017-03-31,EFAS,100000,16.540000,0.000000
2017-03-31,EFAV,94300000,65.815100,0.000000
2017-03-31,EFAX,500000,64.617100,0.000000
2017-03-31,EFFE,300000,25.150000,0.000000
2017-03-31,EFG,36800000,69.317000,0.000000
2017-03-31,EFO,100000,101.170000,0.000000
2017-03-31,EFU,137428,30.830000,0.000000
2017-03-31,EFV,95600000,50.247500,0.000000
2017-03-31,EFZ,1175000,29.520000,0.000000
2017-03-31,EGPT,1924974,28.711400,0.000000
2017-03-31,EIDO,19200000,25.752500,0.000000
2017-03-31,EIRL,1600000,40.143200,0.000000
2017-03-31,EIS,2200000,51.180400,0.000000
2017-03-31,ELD,6600000,37.572400,0.000000
2017-03-31,EMAG,700000,21.498500,0.000000
2017-03-31,EMB,87700000,113.298000,56811200.000000
2017-03-31,EMBH,150000,25.953400,0.000000
2017-03-31,EMCB,700000,71.550000,0.000000
2017-03-31,EMCG,1100000,22.680000,0.000000
2017-03-31,EMCR,250000,19.089200,0.000000
2017-03-31,EMDD,500000,18.710000,0.000000
2017-03-31,EMFM,700000,20.930000,0.000000
2017-03-31,EMIF,1500000,31.660000,0.000000
2017-03-31,EMLB,19000,50.500000,0.000000
2017-03-31,EMLC,164400000,18.484600,11210580.000000
2017-03-31,EMLP,64905000,25.284400,0.000000
2017-03-31,EMQQ,1350000,27.900000,0.000000
2017-03-31,EMSA,16000,110.000000,0.000000
2017-03-31,ENFR,1400000,24.244700,0.000000
2017-03-31,ENY,3070000,8.641800,0.000000
2017-03-31,ENZL,3450000,42.400000,4222000.000000
2017-03-31,EPHE,4750000,34.159100,0.000000
2017-03-31,EPI,65000000,24.070900,0.000000
2017-03-31,EPOL,11700000,21.511800,0.000000
2017-03-31,EPP,63600000,44.561000,67461600.000000
2017-03-31,EPS,1600000,81.409000,0.000000
2017-03-31,EPU,7100000,34.344400,0.000000
2017-03-31,EPV,862119,43.580000,0.000000
2017-03-31,EQAL,9450001,28.215100,0.000000
2017-03-31,EQL,2550000,62.795700,0.000000
2017-03-31,EQLT,400000,32.126600,0.000000
2017-03-31,EQWL,800000,46.083600,0.000000
2017-03-31,EQWM,600000,43.610000,0.000000
2017-03-31,EQWS,550000,39.375900,0.000000
2017-03-31,ERO,61000,39.580000,0.000000
2017-03-31,ERUS,15900000,32.059100,0.000000
2017-03-31,ERX,16750016,31.686100,-4799655.000000
2017-03-31,ERY,4687219,11.367700,0.000000
2017-03-31,ERYY,50001,20.690900,0.000000
2017-03-31,ESG,150001,55.340000,0.000000
2017-03-31,ESGD,2000000,59.850000,0.000000
2017-03-31,ESGE,850000,61.350000,0.000000
2017-03-31,ESGF,700001,27.007800,0.000000
2017-03-31,ESGG,100001,83.300000,0.000000
2017-03-31,ESGL,800001,27.881600,0.000000
2017-03-31,ESGN,250040,27.601300,0.000000
2017-03-31,ESGS,200045,28.976700,0.000000
2017-03-31,ESGU,100000,51.570000,0.000000
2017-03-31,ESGW,200040,28.417900,0.000000
2017-03-31,ETHO,400000,29.362200,0.000000
2017-03-31,EUDG,750000,23.168700,0.000000
2017-03-31,EUFL,100000,35.300000,0.000000
2017-03-31,EUFN,45100000,20.090000,0.000000
2017-03-31,EUFS,150001,19.677900,0.000000
2017-03-31,EUFX,350000,44.569000,0.000000
2017-03-31,EUM,7850000,22.080000,0.000000
2017-03-31,EUMV,1050000,22.866100,0.000000
2017-03-31,EUO,11250000,26.416600,0.000000
2017-03-31,EURL,1050001,24.941900,0.000000
2017-03-31,EUSA,2700000,49.778700,0.000000
2017-03-31,EUSC,5500000,28.290300,0.000000
2017-03-31,EVX,250000,77.755100,-3865390.000000
2017-03-31,EWA,86800000,22.595800,-18294480.000000
2017-03-31,EWC,118700000,26.808300,-24275610.000000
2017-03-31,EWD,10275000,31.642800,0.000000
2017-03-31,EWEM,400000,30.299400,0.000000
2017-03-31,EWG,153000000,28.820100,-25912260.000000
2017-03-31,EWH,73725000,22.247100,0.000000
2017-03-31,EWI,22125000,25.802700,0.000000
2017-03-31,EWJ,306600000,51.253500,0.000000
2017-03-31,EWK,4400000,18.820800,0.000000
2017-03-31,EWL,34625000,32.007800,0.000000
2017-03-31,EWM,11250000,30.466400,0.000000
2017-03-31,EWMC,2100000,59.069900,0.000000
2017-03-31,EWN,6200000,26.895900,0.000000
2017-03-31,EWO,7000000,18.142800,0.000000
2017-03-31,EWP,32550000,30.500600,0.000000
2017-03-31,EWQ,14400000,26.532100,0.000000
2017-03-31,EWRE,1050000,26.947800,0.000000
2017-03-31,EWS,23200000,22.811000,0.000000
2017-03-31,EWSC,650000,49.570000,0.000000
2017-03-31,EWT,97600000,33.176200,6672660.000000
2017-03-31,EWU,82300000,32.441200,0.000000
2017-03-31,EWV,299913,37.090000,0.000000
2017-03-31,EWW,30200000,50.966800,0.000000
2017-03-31,EWX,8200000,45.417000,0.000000
2017-03-31,EWY,53200000,61.944700,0.000000
2017-03-31,EWZ,148500000,36.919900,0.000000
2017-03-31,EWZS,4250000,13.770000,0.000000
2017-03-31,EXI,2600000,80.470000,0.000000
2017-03-31,EXT,750000,83.673100,0.000000
2017-03-31,EZA,7300000,55.195000,0.000000
2017-03-31,EZJ,100000,96.500000,0.000000
2017-03-31,EZM,22550000,35.247500,0.000000
2017-03-31,EZY,850000,70.256300,0.000000
2017-03-31,FAAR,150002,28.990000,0.000000
2017-03-31,FAB,2250002,51.320000,0.000000
2017-03-31,FAD,1700002,55.880000,0.000000
2017-03-31,FALN,400000,27.280000,0.000000
2017-03-31,FAN,6200002,12.557800,0.000000
2017-03-31,FAS,32249888,44.435800,0.000000
2017-03-31,FAUS,50002,31.516600,0.000000
2017-03-31,FAZ,12382055,19.336200,5727360.000000
2017-03-31,FAZZ,100001,18.260100,0.000000
2017-03-31,FBGX,6485000,161.670000,0.000000
2017-03-31,FBND,5002000,49.718100,0.000000
2017-03-31,FBT,8650002,105.342200,0.000000
2017-03-31,FBZ,9450002,15.620000,0.000000
2017-03-31,FCA,200002,21.870000,0.000000
2017-03-31,FCAN,800002,23.240000,0.000000
2017-03-31,FCEF,855000,20.800000,0.000000
2017-03-31,FCG,8398365,24.458000,0.000000
2017-03-31,FCOM,4250000,30.610700,0.000000
2017-03-31,FCOR,1000000,49.698400,0.000000
2017-03-31,FCVT,1100002,26.960000,0.000000
2017-03-31,FDD,24203334,12.300900,0.000000
2017-03-31,FDIS,7600000,34.644600,0.000000
2017-03-31,FDIV,1900002,50.850000,0.000000
2017-03-31,FDL,61300002,28.806200,-4329885.000000
2017-03-31,FDLO,750000,26.959800,0.000000
2017-03-31,FDM,1955000,42.558500,0.000000
2017-03-31,FDMO,750000,27.210200,0.000000
2017-03-31,FDN,44150002,88.049000,-4406665.000000
2017-03-31,FDRR,3600000,27.793000,0.000000
2017-03-31,FDT,4002000,52.200000,5216000.000000
2017-03-31,FDTS,200002,35.970000,0.000000
2017-03-31,FDVV,1650000,26.698300,0.000000
2017-03-31,FEEU,4229000,101.990000,0.000000
2017-03-31,FEM,9200002,23.150000,0.000000
2017-03-31,FEMB,650002,42.000000,2113500.000000
2017-03-31,FEMS,4100002,36.500000,0.000000
2017-03-31,FENY,23500000,19.613900,0.000000
2017-03-31,FEP,8950002,31.890000,6390000.000000
2017-03-31,FEU,5550370,32.062000,0.000000
2017-03-31,FEUZ,200002,35.460000,0.000000
2017-03-31,FEX,29800002,51.410000,0.000000
2017-03-31,FEZ,76350967,36.405500,72677000.000000
2017-03-31,FFR,1450002,43.538600,0.000000
2017-03-31,FFTY,1500000,25.623200,0.000000
2017-03-31,FGD,15500002,24.440600,0.000000
2017-03-31,FGM,3700002,39.390000,0.000000
2017-03-31,FHK,250002,36.550000,0.000000
2017-03-31,FHLC,19300000,35.753900,0.000000
2017-03-31,FIBG,568000,73.310000,0.000000
2017-03-31,FIDU,9850000,33.576000,0.000000
2017-03-31,FIEE,250000,136.000000,0.000000
2017-03-31,FIEG,2912000,144.800000,0.000000
2017-03-31,FIEU,2314000,105.580000,0.000000
2017-03-31,FIGY,10561000,143.160000,0.000000
2017-03-31,FIHD,350000,140.220000,0.000000
2017-03-31,FILL,1800000,19.476200,0.000000
2017-03-31,FINQ,50000,25.410000,-1265500.000000
2017-03-31,FINU,400004,66.650000,0.000000
2017-03-31,FINX,100000,16.320000,0.000000
2017-03-31,FINZ,143723,14.690000,0.000000
2017-03-31,FITS,100001,25.910000,0.000000
2017-03-31,FIW,5400002,41.658100,0.000000
2017-03-31,FIXD,1000002,50.330000,0.000000
2017-03-31,FJP,1100002,51.310000,0.000000
2017-03-31,FKO,200002,24.560000,0.000000
2017-03-31,FKU,750002,34.580000,0.000000
2017-03-31,FLAG,350000,38.610000,0.000000
2017-03-31,FLCO,2200000,24.212800,0.000000
2017-03-31,FLEU,494000,122.820000,0.000000
2017-03-31,FLGE,6106000,162.710000,0.000000
2017-03-31,FLIO,200000,25.578900,0.000000
2017-03-31,FLLV,200000,26.966500,0.000000
2017-03-31,FLM,300002,52.071300,0.000000
2017-03-31,FLN,8400002,20.950000,5235000.000000
2017-03-31,FLOT,105000000,50.827800,10164900.000000
2017-03-31,FLQD,1000000,27.306200,0.000000
2017-03-31,FLQE,11200000,29.293700,0.000000
2017-03-31,FLQG,800000,27.180300,0.000000
2017-03-31,FLQH,400000,24.702400,0.000000
2017-03-31,FLRN,32300000,30.661500,0.000000
2017-03-31,FLRT,550000,49.513400,0.000000
2017-03-31,FLTB,2400000,50.495000,0.000000
2017-03-31,FLTR,5300000,25.128500,0.000000
2017-03-31,FM,20600000,28.076900,0.000000
2017-03-31,FMAT,6800000,30.505300,0.000000
2017-03-31,FMB,2250002,51.680000,0.000000
2017-03-31,FMF,202000,45.627800,0.000000
2017-03-31,FMK,550002,29.170000,0.000000
2017-03-31,FNCL,24000000,35.170000,0.000000
2017-03-31,FNDA,47750001,34.710300,0.000000
2017-03-31,FNDB,8100001,33.686500,0.000000
2017-03-31,FNDC,31700001,30.479800,42916020.000000
2017-03-31,FNDE,41500001,26.243500,0.000000
2017-03-31,FNDF,77000001,26.676700,0.000000
2017-03-31,FNDX,69450001,33.793400,0.000000
2017-03-31,FNI,6500002,31.630400,0.000000
2017-03-31,FNK,2200002,33.110000,-1675500.000000
2017-03-31,FNX,12450002,57.910000,-2922500.000000
2017-03-31,FNY,2800002,33.250000,0.000000
2017-03-31,FOIL,56000,27.040000,0.000000
2017-03-31,FONE,250002,46.350000,0.000000
2017-03-31,FPA,1300002,30.980000,1555000.000000
2017-03-31,FPE,93255000,19.485200,0.000000
2017-03-31,FPX,12150002,57.394400,0.000000
2017-03-31,FPXI,50002,28.830000,0.000000
2017-03-31,FQAL,1200000,27.904600,0.000000
2017-03-31,FRAK,3350000,16.398000,0.000000
2017-03-31,FREL,10200000,23.866000,0.000000
2017-03-31,FRI,9950002,23.065300,0.000000
2017-03-31,FRN,4640000,12.808200,0.000000
2017-03-31,FSTA,8400000,32.869000,0.000000
2017-03-31,FSZ,3450002,44.770000,0.000000
2017-03-31,FTA,19900002,48.980000,-2463500.000000
2017-03-31,FTAG,289928,24.650000,0.000000
2017-03-31,FTC,11500002,52.520000,-2632500.000000
2017-03-31,FTCS,8550002,43.510000,2182500.000000
2017-03-31,FTEC,19900000,41.120600,4115580.000000
2017-03-31,FTGC,6253334,20.090000,0.000000
2017-03-31,FTHI,2174201,21.110000,0.000000
2017-03-31,FTLB,250002,21.470000,0.000000
2017-03-31,FTLS,3500002,34.904400,0.000000
2017-03-31,FTRI,850002,11.490000,0.000000
2017-03-31,FTSD,1776000,97.021000,0.000000
2017-03-31,FTSL,25100002,48.450000,9678000.000000
2017-03-31,FTSM,11599724,59.990000,0.000000
2017-03-31,FTW,100002,34.830000,0.000000
2017-03-31,FTXD,100002,19.610000,0.000000
2017-03-31,FTXG,250002,20.600000,0.000000
2017-03-31,FTXH,100002,19.770000,0.000000
2017-03-31,FTXL,600002,24.880000,0.000000
2017-03-31,FTXN,100002,20.580000,0.000000
2017-03-31,FTXO,39600002,25.880000,133591000.000000
2017-03-31,FTXR,100002,22.500000,0.000000
2017-03-31,FUD,950000,19.110000,0.000000
2017-03-31,FUE,150000,7.550000,0.000000
2017-03-31,FUTY,7100000,33.287800,0.000000
2017-03-31,FV,104850002,23.970000,-4808000.000000
2017-03-31,FVAL,1000000,28.566900,0.000000
2017-03-31,FVC,12850002,22.310000,3367500.000000
2017-03-31,FVD,115687986,29.006200,0.000000
2017-03-31,FVL,2439982,21.683700,0.000000
2017-03-31,FWDB,700000,25.462500,0.000000
2017-03-31,FWDD,550000,47.424300,0.000000
2017-03-31,FWDI,450000,26.185500,0.000000
2017-03-31,FXA,2250000,76.342300,0.000000
2017-03-31,FXB,2400000,121.890100,0.000000
2017-03-31,FXC,2400000,74.047800,0.000000
2017-03-31,FXCH,100000,71.576900,0.000000
2017-03-31,FXD,11900002,36.823400,0.000000
2017-03-31,FXE,2150000,103.674700,0.000000
2017-03-31,FXEP,50001,27.121100,0.000000
2017-03-31,FXEU,300001,22.202500,0.000000
2017-03-31,FXF,1550000,95.084800,0.000000
2017-03-31,FXG,13600002,46.147100,0.000000
2017-03-31,FXH,15150002,62.449800,0.000000
2017-03-31,FXI,80400000,38.360900,0.000000
2017-03-31,FXJP,50001,26.154700,0.000000
2017-03-31,FXL,14555000,42.014600,4207900.000000
2017-03-31,FXN,34450002,15.076400,-12735210.000000
2017-03-31,FXO,38300002,27.695200,-11112240.000000
2017-03-31,FXP,1660525,27.290000,0.000000
2017-03-31,FXR,42650002,34.305700,-1717890.000000
2017-03-31,FXS,200000,107.967700,0.000000
2017-03-31,FXSG,50000,70.450400,0.000000
2017-03-31,FXU,51700002,27.387100,0.000000
2017-03-31,FXY,1200000,86.446000,-25966350.000000
2017-03-31,FXZ,9150002,37.886000,-5655675.000000
2017-03-31,FYC,2900002,35.960000,-1821500.000000
2017-03-31,FYT,3200002,33.600000,-6828000.000000
2017-03-31,FYX,9400002,53.550000,-10884000.000000
2017-03-31,GAF,450000,59.248700,0.000000
2017-03-31,GAL,5700000,34.486700,0.000000
2017-03-31,GAMR,250000,34.153000,0.000000
2017-03-31,GASL,1407521,35.041600,0.000000
2017-03-31,GASX,124855,25.763200,0.000000
2017-03-31,GAZ,10335000,0.440000,0.000000
2017-03-31,GAZB,0,52.000000,0.000000
2017-03-31,GBB,30000,32.780000,0.000000
2017-03-31,GBF,1300000,112.887000,0.000000
2017-03-31,GBIL,800000,99.984100,0.000000
2017-03-31,GCC,10150050,19.253900,0.000000
2017-03-31,GCE,500000,15.980000,0.000000
2017-03-31,GDJJ,99987,63.740000,0.000000
2017-03-31,GDX,509902500,22.752200,45249000.000000
2017-03-31,GDXJ,146237446,36.051100,0.000000
2017-03-31,GDXS,212436,16.280000,0.000000
2017-03-31,GDXX,299969,42.410000,0.000000
2017-03-31,GEM,34600000,29.791000,0.000000
2017-03-31,GENY,250000,26.590600,0.000000
2017-03-31,GEUR,1450000,12.473500,0.000000
2017-03-31,GEX,1233298,55.067200,0.000000
2017-03-31,GGOV,100001,35.450000,0.000000
2017-03-31,GHE,50000,29.190000,0.000000
2017-03-31,GHII,1150000,27.471100,0.000000
2017-03-31,GHS,100000,29.090000,0.000000
2017-03-31,GII,2600000,48.416300,0.000000
2017-03-31,GIVE,75000,63.263000,0.000000
2017-03-31,GLD,281000000,118.509000,0.000000
2017-03-31,GLDW,220000,124.561100,0.000000
2017-03-31,GLL,446977,76.406000,0.000000
2017-03-31,GLTR,4900000,63.259200,6345890.000000
2017-03-31,GMF,3900000,85.875200,0.000000
2017-03-31,GML,600000,50.589400,0.000000
2017-03-31,GMM,5100000,63.784000,0.000000
2017-03-31,GMMB,100010,52.540000,0.000000
2017-03-31,GMOM,2200001,24.540000,0.000000
2017-03-31,GMTB,150010,51.460000,0.000000
2017-03-31,GNMA,3450000,49.680000,0.000000
2017-03-31,GNR,22600000,42.374200,0.000000
2017-03-31,GNRX,200000,22.600000,0.000000
2017-03-31,GOEX,1912054,23.730000,0.000000
2017-03-31,GOVT,143300000,25.052300,0.000000
2017-03-31,GQRE,3500001,57.523100,0.000000
2017-03-31,GREK,34450000,8.140000,0.000000
2017-03-31,GRES,8200000,25.758800,29740840.000000
2017-03-31,GRI,1700000,43.045000,0.000000
2017-03-31,GRID,550002,41.800000,0.000000
2017-03-31,GRN,135000,5.670000,0.000000
2017-03-31,GRNB,200000,25.001900,0.000000
2017-03-31,GRU,1106000,3.800000,0.000000
2017-03-31,GRWN,25000,25.090000,0.000000
2017-03-31,GSC,5207000,21.930000,0.000000
2017-03-31,GSEU,1150000,27.601200,0.000000
2017-03-31,GSG,72000000,14.811500,0.000000
2017-03-31,GSIE,15900000,26.054400,0.000000
2017-03-31,GSJY,1200000,28.755400,0.000000
2017-03-31,GSLC,33402500,46.767700,9372260.000000
2017-03-31,GSP,2011000,13.660000,0.000000
2017-03-31,GSY,20400000,50.241500,15069600.000000
2017-03-31,GTAA,300000,23.980400,0.000000
2017-03-31,GTO,550000,51.444300,0.000000
2017-03-31,GULF,1000000,17.280000,0.000000
2017-03-31,GUNR,143850001,29.523300,0.000000
2017-03-31,GUR,1700000,28.509200,0.000000
2017-03-31,GURI,100000,14.900000,0.000000
2017-03-31,GURU,2200000,25.830000,0.000000
2017-03-31,GUSH,1654738,71.642900,0.000000
2017-03-31,GVAL,4950010,22.090000,0.000000
2017-03-31,GVI,21400000,110.194400,0.000000
2017-03-31,GVIP,650000,45.563300,0.000000
2017-03-31,GWL,28800000,27.680600,0.000000
2017-03-31,GWX,24500000,31.417200,0.000000
2017-03-31,GXC,10000000,81.953000,0.000000
2017-03-31,GXF,1560000,20.310000,0.000000
2017-03-31,GXG,10530000,9.590000,0.000000
2017-03-31,GYEN,1425000,11.158800,0.000000
2017-03-31,GYLD,5475000,18.620000,0.000000
2017-03-31,HACK,32900000,29.355100,0.000000
2017-03-31,HACW,100000,26.200800,0.000000
2017-03-31,HAHA,50000,27.980400,0.000000
2017-03-31,HAKK,50000,47.544200,0.000000
2017-03-31,HAO,3500000,25.050000,0.000000
2017-03-31,HAP,2850000,33.266300,0.000000
2017-03-31,HAUD,150000,24.034200,0.000000
2017-03-31,HAWX,2950000,24.383200,0.000000
2017-03-31,HCOR,300000,50.140500,0.000000
2017-03-31,HDAW,150001,25.702700,0.000000
2017-03-31,HDEF,200001,24.455300,0.000000
2017-03-31,HDG,800000,43.820000,0.000000
2017-03-31,HDGE,19675000,8.796600,0.000000
2017-03-31,HDLV,715000,33.390000,0.000000
2017-03-31,HDMV,900002,30.127000,0.000000
2017-03-31,HDV,78650000,83.825300,8410730.000000
2017-03-31,HDWX,50000,43.321600,0.000000
2017-03-31,HECO,175000,39.350600,0.000000
2017-03-31,HEDJ,148100000,62.797600,0.000000
2017-03-31,HEEM,12250000,22.757300,0.000000
2017-03-31,HEFA,139750000,27.543300,0.000000
2017-03-31,HEVY,18000,27.050000,0.000000
2017-03-31,HEWC,100000,25.321600,0.000000
2017-03-31,HEWG,17600000,27.820600,0.000000
2017-03-31,HEWI,400000,15.912100,0.000000
2017-03-31,HEWJ,37200000,28.027700,5681140.000000
2017-03-31,HEWL,150000,25.324500,0.000000
2017-03-31,HEWP,2450000,22.783200,0.000000
2017-03-31,HEWU,3600000,23.649500,0.000000
2017-03-31,HEWW,150000,20.966800,0.000000
2017-03-31,HEWY,50000,26.363500,0.000000
2017-03-31,HEZU,44750000,28.699500,0.000000
2017-03-31,HFEZ,600000,38.392100,0.000000
2017-03-31,HFXE,4350001,18.329300,0.000000
2017-03-31,HFXI,10450001,19.277800,0.000000
2017-03-31,HFXJ,1450001,18.890300,0.000000
2017-03-31,HGEU,100001,40.240000,0.000000
2017-03-31,HGI,900000,16.048700,0.000000
2017-03-31,HGJP,125001,28.570000,0.000000
2017-03-31,HHYX,50000,26.439500,0.000000
2017-03-31,HILO,950000,13.768500,0.000000
2017-03-31,HIPS,500000,18.407100,0.000000
2017-03-31,HJPX,100000,25.567400,0.000000
2017-03-31,HOLD,850000,99.400100,0.000000
2017-03-31,HOML,1000000,31.120000,0.000000
2017-03-31,HQBD,400000,50.143500,0.000000
2017-03-31,HSCZ,200000,27.052900,0.000000
2017-03-31,HSPX,1402500,43.760900,0.000000
2017-03-31,HTUS,3700000,26.870000,0.000000
2017-03-31,HUSE,250000,38.943900,0.000000
2017-03-31,HUSV,2800002,21.195700,0.000000
2017-03-31,HVPW,1600000,19.438500,0.000000
2017-03-31,HYD,60700000,30.556200,0.000000
2017-03-31,HYDD,150001,20.141300,0.000000
2017-03-31,HYEM,14600000,24.628000,19729840.000000
2017-03-31,HYG,214200000,87.411800,165947710.000000
2017-03-31,HYGH,2350000,91.058500,0.000000
2017-03-31,HYLB,3100001,51.068400,0.000000
2017-03-31,HYLD,5050000,36.530000,0.000000
2017-03-31,HYLS,24150002,48.880000,0.000000
2017-03-31,HYLV,1800001,24.985800,2497050.000000
2017-03-31,HYMB,9800000,56.720500,0.000000
2017-03-31,HYND,800000,20.790000,0.000000
2017-03-31,HYS,17650000,101.093600,0.000000
2017-03-31,HYXE,200000,51.320000,0.000000
2017-03-31,HYZD,2200000,23.850000,0.000000
2017-03-31,IAI,3350000,51.309600,-2568460.000000
2017-03-31,IAK,2750000,60.459600,0.000000
2017-03-31,IAT,16700000,44.787900,0.000000
2017-03-31,IAU,667600000,11.978800,36050700.000000
2017-03-31,IBB,28450000,290.980000,-58654000.000000
2017-03-31,IBCC,3600000,24.626600,0.000000
2017-03-31,IBCD,3450000,24.605000,0.000000
2017-03-31,IBCE,1900000,24.202100,0.000000
2017-03-31,IBDB,4100000,25.618500,0.000000
2017-03-31,IBDC,3300000,26.177400,0.000000
2017-03-31,IBDD,3200000,26.325300,0.000000
2017-03-31,IBDH,10150000,25.132300,0.000000
2017-03-31,IBDJ,6400000,24.825800,0.000000
2017-03-31,IBDK,11950000,24.920900,2490960.000000
2017-03-31,IBDL,11500000,25.349700,0.000000
2017-03-31,IBDM,12750000,24.746600,0.000000
2017-03-31,IBDN,9450000,24.834800,0.000000
2017-03-31,IBDO,5700000,24.815800,0.000000
2017-03-31,IBDP,4700000,24.633100,0.000000
2017-03-31,IBDQ,6400000,24.530900,0.000000
2017-03-31,IBDR,1100000,23.987000,0.000000
2017-03-31,IBLN,700000,24.644700,0.000000
2017-03-31,IBMF,7700000,27.257300,0.000000
2017-03-31,IBMG,7450000,25.461400,0.000000
2017-03-31,IBMH,6800000,25.485500,0.000000
2017-03-31,IBMI,6750000,25.518100,0.000000
2017-03-31,IBMJ,4400000,25.592600,0.000000
2017-03-31,IBMK,4000000,25.684600,0.000000
2017-03-31,IBND,5000000,31.225100,0.000000
2017-03-31,IBUY,350000,29.500000,0.000000
2017-03-31,ICF,32650000,99.760700,-4961660.000000
2017-03-31,ICI,49000,39.970000,0.000000
2017-03-31,ICLN,9400000,8.550000,0.000000
2017-03-31,ICOL,1300000,13.657100,0.000000
2017-03-31,IDEV,600000,50.868500,0.000000
2017-03-31,IDHQ,1050000,20.772900,0.000000
2017-03-31,IDLB,6050001,26.150000,0.000000
2017-03-31,IDLV,14900000,30.695900,0.000000
2017-03-31,IDMO,100000,24.463500,0.000000
2017-03-31,IDOG,8050000,25.519000,10196120.000000
2017-03-31,IDU,5450000,128.402900,0.000000
2017-03-31,IDV,123750000,31.351700,0.000000
2017-03-31,IDX,4000000,22.689400,0.000000
2017-03-31,IEF,70700000,105.597500,0.000000
2017-03-31,IEFA,365400000,57.786100,0.000000
2017-03-31,IEI,51500000,123.005900,0.000000
2017-03-31,IEMG,562200000,47.580200,0.000000
2017-03-31,IEO,6850000,61.161300,0.000000
2017-03-31,IEUR,38400000,43.880500,0.000000
2017-03-31,IEUS,1850000,47.640000,0.000000
2017-03-31,IEV,59100000,41.815900,0.000000
2017-03-31,IEZ,5950000,42.089600,0.000000
2017-03-31,IFEU,1200000,33.830000,0.000000
2017-03-31,IFGL,18000000,27.490000,0.000000
2017-03-31,IFLY,400000,27.936900,0.000000
2017-03-31,IFV,27950002,19.290000,0.000000
2017-03-31,IGE,30200000,34.258100,0.000000
2017-03-31,IGEM,600000,24.192500,0.000000
2017-03-31,IGF,37200000,42.300000,8464000.000000
2017-03-31,IGM,8100000,138.386700,0.000000
2017-03-31,IGN,1700000,45.539500,0.000000
2017-03-31,IGOV,6600000,91.690000,0.000000
2017-03-31,IGV,6450000,126.454300,0.000000
2017-03-31,IHDG,16900000,28.387200,0.000000
2017-03-31,IHE,4750000,150.966600,0.000000
2017-03-31,IHF,3950000,134.120000,0.000000
2017-03-31,IHI,6950000,151.421500,0.000000
2017-03-31,IHY,6000000,24.548400,0.000000
2017-03-31,IJH,229050000,171.292100,248215205.000000
2017-03-31,IJJ,42050000,148.466600,7421365.000000
2017-03-31,IJK,32750000,190.963400,19077840.000000
2017-03-31,IJR,432900000,69.226200,-138164000.000000
2017-03-31,IJS,35100000,138.723500,0.000000
2017-03-31,IJT,28550000,153.230800,0.000000
2017-03-31,ILF,34250000,31.576300,0.000000
2017-03-31,ILTB,3300000,61.382200,0.000000
2017-03-31,IMED,50000,26.120000,0.000000
2017-03-31,IMLP,15578000,20.810000,0.000000
2017-03-31,IMTB,600000,49.090500,0.000000
2017-03-31,IMTM,800000,26.604500,0.000000
2017-03-31,INCO,2300000,38.305000,0.000000
2017-03-31,INDL,1349686,71.334500,0.000000
2017-03-31,INDY,26250000,32.650000,0.000000
2017-03-31,INFR,200000,26.980000,0.000000
2017-03-31,INKM,3150000,31.572600,0.000000
2017-03-31,INP,2987000,75.490000,0.000000
2017-03-31,INR,32000,40.700000,0.000000
2017-03-31,INTF,9000000,24.920500,0.000000
2017-03-31,INXX,3200000,12.977700,0.000000
2017-03-31,IOIL,250000,11.437600,0.000000
2017-03-31,IOO,19450000,81.796600,0.000000
2017-03-31,IPAC,16700000,52.426900,0.000000
2017-03-31,IPAY,3150000,27.971000,0.000000
2017-03-31,IPD,400000,38.133400,0.000000
2017-03-31,IPE,16000225,56.950100,0.000000
2017-03-31,IPF,350000,20.457700,0.000000
2017-03-31,IPFF,3650000,17.099400,0.000000
2017-03-31,IPK,600000,38.791200,1950140.000000
2017-03-31,IPKW,3850000,30.800000,-7717500.000000
2017-03-31,IPN,650000,32.272600,0.000000
2017-03-31,IPO,600000,23.113300,0.000000
2017-03-31,IPOS,100001,19.773800,0.000000
2017-03-31,IPS,850000,42.896100,0.000000
2017-03-31,IPU,1600000,16.081100,0.000000
2017-03-31,IPW,2550000,18.165600,0.000000
2017-03-31,IQDE,3300001,23.509100,0.000000
2017-03-31,IQDF,27700001,24.346200,0.000000
2017-03-31,IQDY,2000001,25.827600,0.000000
2017-03-31,IQLT,900000,26.237500,0.000000
2017-03-31,IRV,650000,21.738500,0.000000
2017-03-31,IRY,1100000,46.845200,0.000000
2017-03-31,ISCF,500000,26.424500,0.000000
2017-03-31,ISHG,900000,78.580000,0.000000
2017-03-31,ISMD,750000,24.660000,0.000000
2017-03-31,ISRA,1350000,29.015400,0.000000
2017-03-31,IST,1550000,24.054000,0.000000
2017-03-31,ISTB,16300000,50.060000,0.000000
2017-03-31,ISZE,200000,25.190000,0.000000
2017-03-31,ITA,17300000,148.790700,0.000000
2017-03-31,ITB,44600000,31.974600,-4798665.000000
2017-03-31,ITE,8600168,59.853700,0.000000
2017-03-31,ITEQ,350000,28.530000,0.000000
2017-03-31,ITM,66000000,23.495300,-11751250.000000
2017-03-31,ITOT,148750000,54.017500,0.000000
2017-03-31,ITR,55200072,34.104200,0.000000
2017-03-31,IUSB,17200000,50.430900,0.000000
2017-03-31,IUSG,35750000,46.360000,0.000000
2017-03-31,IUSV,33550000,50.453100,0.000000
2017-03-31,IVE,131150000,104.029500,10444510.000000
2017-03-31,IVLU,3200000,23.252000,0.000000
2017-03-31,IVOG,5900000,117.830000,-2943000.000000
2017-03-31,IVOO,6300000,115.710000,11564000.000000
2017-03-31,IVOP,25000,38.310000,0.000000
2017-03-31,IVOV,5975000,113.030000,0.000000
2017-03-31,IVV,429250000,237.208700,0.000000
2017-03-31,IVW,125600000,131.576100,13168160.000000
2017-03-31,IWB,133350000,131.254100,0.000000
2017-03-31,IWC,9950000,85.679500,0.000000
2017-03-31,IWD,317700000,114.903800,0.000000
2017-03-31,IWF,301550000,113.760600,22772460.000000
2017-03-31,IWL,1900000,53.876000,0.000000
2017-03-31,IWM,276650000,137.690600,-439475840.000000
2017-03-31,IWN,74300000,118.263600,0.000000
2017-03-31,IWO,47150000,161.839800,-8065005.000000
2017-03-31,IWP,69750000,103.800800,0.000000
2017-03-31,IWR,82600000,187.271400,0.000000
2017-03-31,IWS,115100000,83.017200,0.000000
2017-03-31,IWV,52750000,139.891800,28023100.000000
2017-03-31,IWX,4700000,48.195900,0.000000
2017-03-31,IWY,13800000,61.443500,0.000000
2017-03-31,IXC,28650000,33.184900,0.000000
2017-03-31,IXG,6350000,60.817000,0.000000
2017-03-31,IXJ,14350000,102.883900,0.000000
2017-03-31,IXN,8500000,124.065100,0.000000
2017-03-31,IXP,5100000,59.445300,0.000000
2017-03-31,IXUS,87800000,54.910000,0.000000
2017-03-31,IYC,4950000,160.918200,0.000000
2017-03-31,IYE,31950000,38.548600,3862950.000000
2017-03-31,IYF,17250000,104.054700,-5223555.000000
2017-03-31,IYG,12450000,109.102600,0.000000
2017-03-31,IYH,11800000,155.691500,0.000000
2017-03-31,IYJ,8500000,125.950500,0.000000
2017-03-31,IYK,4900000,118.709900,0.000000
2017-03-31,IYM,8250000,89.091500,-8920340.000000
2017-03-31,IYR,58700000,78.509700,-124997120.000000
2017-03-31,IYT,6450000,164.011200,0.000000
2017-03-31,IYW,24250000,135.113900,-6759555.000000
2017-03-31,IYY,9300000,118.247600,0.000000
2017-03-31,IYZ,16050000,32.383300,-17811255.000000
2017-03-31,JDST,11206150,14.851500,4562310.000000
2017-03-31,JEM,81000,29.240000,0.000000
2017-03-31,JETS,2400000,28.065800,0.000000
2017-03-31,JHDG,500000,24.652700,0.000000
2017-03-31,JHMA,600000,30.745100,0.000000
2017-03-31,JHMC,1050000,27.602700,0.000000
2017-03-31,JHMD,1200000,26.507800,0.000000
2017-03-31,JHME,600000,28.609900,0.000000
2017-03-31,JHMF,1350000,31.568800,0.000000
2017-03-31,JHMH,1150000,28.083600,0.000000
2017-03-31,JHMI,650000,29.979500,0.000000
2017-03-31,JHML,10350000,30.784500,0.000000
2017-03-31,JHMM,5250000,30.395400,1520370.000000
2017-03-31,JHMS,650000,26.208700,0.000000
2017-03-31,JHMT,1150000,34.367600,0.000000
2017-03-31,JHMU,600000,26.899700,0.000000
2017-03-31,JJA,506000,33.780000,0.000000
2017-03-31,JJC,1243000,29.790000,0.000000
2017-03-31,JJE,206000,5.710000,0.000000
2017-03-31,JJG,3962000,27.760000,0.000000
2017-03-31,JJM,372000,25.230000,0.000000
2017-03-31,JJN,871000,11.560000,0.000000
2017-03-31,JJP,75000,58.480000,0.000000
2017-03-31,JJS,27000,36.030000,0.000000
2017-03-31,JJT,61000,45.420000,0.000000
2017-03-31,JJU,159000,17.440000,0.000000
2017-03-31,JKD,5550000,141.794000,0.000000
2017-03-31,JKE,5350000,131.628000,0.000000
2017-03-31,JKF,4000000,95.886500,0.000000
2017-03-31,JKG,4400000,166.677000,0.000000
2017-03-31,JKH,1150000,173.835500,0.000000
2017-03-31,JKI,2600000,147.280000,0.000000
2017-03-31,JKJ,1550000,159.274300,0.000000
2017-03-31,JKK,750000,152.855200,0.000000
2017-03-31,JKL,3350000,144.184100,0.000000
2017-03-31,JNK,311523812,36.845900,55203150.000000
2017-03-31,JNUG,170064660,6.457600,0.000000
2017-03-31,JO,6631000,19.290000,0.000000
2017-03-31,JPEH,1050000,26.480000,0.000000
2017-03-31,JPEM,2600000,51.070000,0.000000
2017-03-31,JPEU,1200000,52.390000,0.000000
2017-03-31,JPGE,1300000,54.700000,0.000000
2017-03-31,JPHF,2300000,25.960000,0.000000
2017-03-31,JPIH,1500000,27.630000,0.000000
2017-03-31,JPIN,12700000,52.920000,0.000000
2017-03-31,JPME,800000,57.510000,0.000000
2017-03-31,JPMV,500000,59.583000,0.000000
2017-03-31,JPN,650001,25.190000,0.000000
2017-03-31,JPNL,150001,49.375400,0.000000
2017-03-31,JPSE,1100000,26.640000,0.000000
2017-03-31,JPUS,3900000,63.120000,0.000000
2017-03-31,JPXN,1500000,55.689700,0.000000
2017-03-31,JSMD,452000,32.320000,0.000000
2017-03-31,JSML,202000,31.450000,0.000000
2017-03-31,JUNE,102000,26.710000,0.000000
2017-03-31,JXI,2850000,48.085200,0.000000
2017-03-31,JYN,30000,50.920000,0.000000
2017-03-31,KBA,1650000,28.240000,0.000000
2017-03-31,KBE,75552118,43.014700,-15191855.000000
2017-03-31,KBWB,17200000,47.360000,7126500.000000
2017-03-31,KBWD,11400000,24.050000,2416000.000000
2017-03-31,KBWP,1800000,56.640000,0.000000
2017-03-31,KBWR,3000000,53.150000,0.000000
2017-03-31,KBWY,7400000,37.620000,0.000000
2017-03-31,KCE,2100000,46.721400,0.000000
2017-03-31,KCNY,300000,32.820000,0.000000
2017-03-31,KFYP,100000,33.910000,0.000000
2017-03-31,KIE,11950000,85.938600,-4302965.000000
2017-03-31,KLD,5300000,98.237700,0.000000
2017-03-31,KLDW,2400001,28.545500,2866200.000000
2017-03-31,KNOW,3150109,78.935400,0.000000
2017-03-31,KOL,8450000,13.748700,4174710.000000
2017-03-31,KOLD,274832,29.244100,0.000000
2017-03-31,KOR,350000,26.120000,0.000000
2017-03-31,KORU,150001,36.539900,0.000000
2017-03-31,KRE,69352585,54.596900,209422180.000000
2017-03-31,KRMA,2150000,17.100000,0.000000
2017-03-31,KROO,500000,16.696500,0.000000
2017-03-31,KRS,100000,16.450000,0.000000
2017-03-31,KRU,150000,77.090000,0.000000
2017-03-31,KSA,250000,24.464500,0.000000
2017-03-31,KWEB,6900000,42.770000,0.000000
2017-03-31,KWT,300000,35.979500,0.000000
2017-03-31,KXI,6100000,99.305000,0.000000
2017-03-31,LABD,11400000,10.461300,-1581690.000000
2017-03-31,LABS,150001,32.139400,0.000000
2017-03-31,LABU,5661600,47.785400,0.000000
2017-03-31,LALT,300000,22.240000,0.000000
2017-03-31,LARE,100000,28.442900,0.000000
2017-03-31,LBDC,1050000,21.500000,0.000000
2017-03-31,LBJ,154773,113.088200,0.000000
2017-03-31,LD,23000,49.670000,0.000000
2017-03-31,LDRI,1100000,24.920000,0.000000
2017-03-31,LDUR,880000,100.619800,0.000000
2017-03-31,LEDD,101000,37.170000,0.000000
2017-03-31,LEMB,7200000,45.454200,0.000000
2017-03-31,LGLV,1050000,84.383800,0.000000
2017-03-31,LIT,5774628,27.230000,0.000000
2017-03-31,LKOR,200001,50.810000,-2518000.000000
2017-03-31,LLSC,200000,31.597400,0.000000
2017-03-31,LLSP,250000,30.784100,0.000000
2017-03-31,LMBS,9300002,52.120000,7809000.000000
2017-03-31,LMLP,1865000,13.410000,0.000000
2017-03-31,LNGR,150000,16.960000,853500.000000
2017-03-31,LOWC,1700000,79.838300,0.000000
2017-03-31,LQD,260900000,117.698600,105807510.000000
2017-03-31,LQDH,650000,94.580600,0.000000
2017-03-31,LRET,1000000,26.510000,0.000000
2017-03-31,LRGF,13100000,27.944300,5595900.000000
2017-03-31,LSTK,75000,40.780000,0.000000
2017-03-31,LSVX,1000000,30.671000,0.000000
2017-03-31,LTL,125000,52.320000,0.000000
2017-03-31,LTPZ,2070000,66.395900,0.000000
2017-03-31,LVHD,4300000,29.580000,0.000000
2017-03-31,LVL,6080000,10.500500,0.000000
2017-03-31,LWC,5900000,40.061700,0.000000
2017-03-31,MATH,500000,30.027300,0.000000
2017-03-31,MAUI,50000,24.200000,0.000000
2017-03-31,MBB,96200000,106.470600,42525880.000000
2017-03-31,MBG,12400000,26.261700,0.000000
2017-03-31,MBSD,1450001,24.020000,0.000000
2017-03-31,MCEF,450002,18.530000,0.000000
2017-03-31,MCHI,43800000,50.350000,0.000000
2017-03-31,MCRO,250000,25.334000,0.000000
2017-03-31,MDIV,45300002,19.520000,0.000000
2017-03-31,MDY,62935231,312.520100,-7808272.500000
2017-03-31,MDYG,3950000,139.196300,0.000000
2017-03-31,MDYV,3750000,96.191700,0.000000
2017-03-31,MELT,100000,26.194500,0.000000
2017-03-31,MENU,100002,17.545100,0.000000
2017-03-31,MFLA,13000,162.000000,0.000000
2017-03-31,MGC,14475000,80.640000,-6063750.000000
2017-03-31,MGK,27739005,95.690000,-7182000.000000
2017-03-31,MGV,23354818,68.490000,-10315500.000000
2017-03-31,MIDU,1900132,35.857300,0.000000
2017-03-31,MIDZ,564407,19.266600,0.000000
2017-03-31,MILN,250000,16.590000,0.000000
2017-03-31,MINC,5350000,48.610500,0.000000
2017-03-31,MINT,63170000,101.632200,0.000000
2017-03-31,MLN,7650000,19.517800,976730.000000
2017-03-31,MLPA,44450000,11.520000,0.000000
2017-03-31,MLPB,1500000,28.170000,0.000000
2017-03-31,MLPC,7000000,17.290000,0.000000
2017-03-31,MLPE,0,26.800000,0.000000
2017-03-31,MLPG,560000,27.130000,0.000000
2017-03-31,MLPI,89378000,29.180000,0.000000
2017-03-31,MLPJ,1000000,8.560000,0.000000
2017-03-31,MLPO,4975000,16.750000,0.000000
2017-03-31,MLPQ,1000000,56.150000,0.000000
2017-03-31,MLPS,320000,11.030000,0.000000
2017-03-31,MLPX,17850000,14.550000,0.000000
2017-03-31,MLPY,7448000,8.010000,0.000000
2017-03-31,MLPZ,1400000,58.050000,0.000000
2017-03-31,MLTI,1000000,29.000000,0.000000
2017-03-31,MMTM,150000,98.619000,0.000000
2017-03-31,MNA,5800000,29.931700,1494515.000000
2017-03-31,MOAT,27700000,37.537700,7505140.000000
2017-03-31,MOM,100001,22.495800,0.000000
2017-03-31,MOO,15250000,53.414600,0.000000
2017-03-31,MORL,18935000,17.750000,0.000000
2017-03-31,MORT,4950000,24.008600,0.000000
2017-03-31,MOTI,1300000,30.992500,1558475.000000
2017-03-31,MPCT,400000,51.530000,0.000000
2017-03-31,MRRL,1000000,19.500000,0.000000
2017-03-31,MTK,9550012,68.680400,0.000000
2017-03-31,MTUM,28300000,82.663200,16537040.000000
2017-03-31,MUB,72400000,108.868200,0.000000
2017-03-31,MUNI,4860000,52.927800,0.000000
2017-03-31,MVIN,350000,40.985100,0.000000
2017-03-31,MVV,1425000,100.960000,-5042500.000000
2017-03-31,MXI,4400000,59.246600,0.000000
2017-03-31,MYY,1375000,12.560000,0.000000
2017-03-31,MZZ,204498,23.670000,0.000000
2017-03-31,NAIL,200000,38.919900,0.000000
2017-03-31,NANR,26700000,33.201200,0.000000
2017-03-31,NASH,300000,28.420000,0.000000
2017-03-31,NFLT,7500004,25.557700,0.000000
2017-03-31,NFO,1300800,53.172000,0.000000
2017-03-31,NFRA,17800001,45.578800,0.000000
2017-03-31,NGE,2462135,16.090000,0.000000
2017-03-31,NIB,367000,25.990000,0.000000
2017-03-31,NINI,58000,16.670000,0.000000
2017-03-31,NLR,666632,49.785800,0.000000
2017-03-31,NORW,10500000,11.280000,0.000000
2017-03-31,NUAG,2100000,24.349100,0.000000
2017-03-31,NUGT,193688735,9.015900,0.000000
2017-03-31,NYF,2300000,110.042500,0.000000
2017-03-31,OAPH,100001,27.515400,0.000000
2017-03-31,OASI,400001,27.578300,0.000000
2017-03-31,OEF,44050000,104.701000,-5250675.000000
2017-03-31,OEUH,550001,26.209000,0.000000
2017-03-31,OEUR,1750001,23.217700,0.000000
2017-03-31,OEW,150000,29.155300,0.000000
2017-03-31,OIH,41110863,30.814300,21444360.000000
2017-03-31,OIIL,1050000,31.000000,0.000000
2017-03-31,OIL,135535000,5.520000,0.000000
2017-03-31,OILB,1012000,51.660000,0.000000
2017-03-31,OILD,250008,21.608200,1057910.000000
2017-03-31,OILU,250008,28.617000,1462200.000000
2017-03-31,OILX,1000000,29.060000,0.000000
2017-03-31,OLD,200001,24.940000,0.000000
2017-03-31,OLEM,1495000,15.490000,0.000000
2017-03-31,OLO,1804000,4.474400,0.000000
2017-03-31,ONEK,1200000,110.628200,0.000000
2017-03-31,ONEO,6650000,68.158100,0.000000
2017-03-31,ONEQ,4400000,231.800000,0.000000
2017-03-31,ONEV,6150000,69.228400,0.000000
2017-03-31,ONEY,5700000,69.810300,0.000000
2017-03-31,ONG,42000,16.410000,0.000000
2017-03-31,ONTL,100001,25.226500,0.000000
2017-03-31,OPD,50000,26.398800,-1318635.000000
2017-03-31,ORG,100001,25.400000,0.000000
2017-03-31,OUNZ,10343374,12.305700,0.000000
2017-03-31,OUSA,13300001,28.894400,0.000000
2017-03-31,OUSM,1004000,25.319100,0.000000
2017-03-31,OVLC,100000,27.678700,0.000000
2017-03-31,PAF,500000,53.991600,0.000000
2017-03-31,PAGG,900000,25.720000,0.000000
2017-03-31,PAK,1900000,17.100000,0.000000
2017-03-31,PALL,2650000,76.403500,0.000000
2017-03-31,PBD,4625000,11.172300,0.000000
2017-03-31,PBE,5600000,42.319100,0.000000
2017-03-31,PBJ,4400000,33.402300,0.000000
2017-03-31,PBP,14150000,22.023400,0.000000
2017-03-31,PBS,5350000,27.756700,0.000000
2017-03-31,PBW,22500000,3.998500,-5754615.000000
2017-03-31,PCEF,29000000,23.093700,-1153275.000000
2017-03-31,PCY,139200000,29.050000,0.000000
2017-03-31,PDBC,36204000,16.560000,-3326000.000000
2017-03-31,PDN,6100000,29.145700,4390590.000000
2017-03-31,PDP,31100000,45.090000,0.000000
2017-03-31,PEJ,3050000,41.229600,0.000000
2017-03-31,PEK,2300000,39.307900,0.000000
2017-03-31,PERM,300000,24.940000,0.000000
2017-03-31,PEY,64000000,17.010000,-5974500.000000
2017-03-31,PEZ,650000,43.500000,-2175000.000000
2017-03-31,PFF,446000000,38.727300,5797905.000000
2017-03-31,PFFR,200004,25.496200,0.000000
2017-03-31,PFI,3000000,30.670000,0.000000
2017-03-31,PFIG,1750000,25.387700,0.000000
2017-03-31,PFM,13200000,23.760000,0.000000
2017-03-31,PFXF,21550000,20.099800,0.000000
2017-03-31,PGAL,2200000,10.190000,0.000000
2017-03-31,PGD,20000,48.420000,0.000000
2017-03-31,PGF,88700000,18.657000,0.000000
2017-03-31,PGHY,6000000,24.441900,0.000000
2017-03-31,PGJ,4300000,34.140000,0.000000
2017-03-31,PGM,367000,19.640000,0.000000
2017-03-31,PGX,308500000,14.811900,2217645.000000
2017-03-31,PHB,61600000,18.854300,26370820.000000
2017-03-31,PHDG,3550000,25.177100,0.000000
2017-03-31,PHO,29950000,25.880000,0.000000
2017-03-31,PHYS,213956205,10.263500,0.000000
2017-03-31,PICB,6700000,24.911200,0.000000
2017-03-31,PICK,11450000,28.008200,0.000000
2017-03-31,PID,52800000,14.950000,0.000000
2017-03-31,PIE,9000000,16.470000,0.000000
2017-03-31,PIN,11450000,22.735300,0.000000
2017-03-31,PIO,8150000,22.580000,0.000000
2017-03-31,PIZ,6750000,23.240000,0.000000
2017-03-31,PJP,12950000,58.811500,0.000000
2017-03-31,PKB,10400000,29.183500,0.000000
2017-03-31,PKW,26450000,51.680000,0.000000
2017-03-31,PLND,1000000,15.859000,0.000000
2017-03-31,PLW,5850000,32.360000,0.000000
2017-03-31,PMPT,400004,24.580000,0.000000
2017-03-31,PMR,400000,34.966800,0.000000
2017-03-31,PNQI,3350000,94.650000,0.000000
2017-03-31,PPA,12350000,43.529700,0.000000
2017-03-31,PPH,6038138,54.600000,5514000.000000
2017-03-31,PPLT,5750000,89.999100,0.000000
2017-03-31,PRB,600000,24.586800,0.000000
2017-03-31,PRF,47800000,102.528900,-5138650.000000
2017-03-31,PRFZ,13900000,115.210000,0.000000
2017-03-31,PRME,50002,19.230100,0.000000
2017-03-31,PRN,2600000,50.760000,-2572000.000000
2017-03-31,PSAU,1900000,19.790000,0.000000
2017-03-31,PSC,8850000,28.355400,0.000000
2017-03-31,PSCC,950000,68.100000,0.000000
2017-03-31,PSCD,1200000,51.620000,0.000000
2017-03-31,PSCE,3250000,17.800000,0.000000
2017-03-31,PSCF,4800000,50.390000,0.000000
2017-03-31,PSCH,2450000,78.940000,0.000000
2017-03-31,PSCI,1750000,54.430000,0.000000
2017-03-31,PSCM,1300000,45.860000,0.000000
2017-03-31,PSCT,7600000,71.430000,0.000000
2017-03-31,PSCU,950000,48.200000,0.000000
2017-03-31,PSET,250000,27.741800,0.000000
2017-03-31,PSI,5300000,41.728100,0.000000
2017-03-31,PSJ,1900000,51.471400,0.000000
2017-03-31,PSK,11500000,44.026100,0.000000
2017-03-31,PSL,1250000,58.540000,0.000000
2017-03-31,PSLV,146784023,6.934400,0.000000
2017-03-31,PSP,23150000,11.683000,0.000000
2017-03-31,PSQ,6662500,42.220000,0.000000
2017-03-31,PSR,350000,76.959400,0.000000
2017-03-31,PST,5950000,22.070000,0.000000
2017-03-31,PTF,3000000,44.240000,0.000000
2017-03-31,PTH,1200000,53.530000,0.000000
2017-03-31,PTM,2000000,10.160000,0.000000
2017-03-31,PUI,3050000,27.200000,0.000000
2017-03-31,PUTW,2100004,28.241700,0.000000
2017-03-31,PUW,950000,26.252700,-1301830.000000
2017-03-31,PVI,3200000,24.929100,0.000000
2017-03-31,PWB,12450000,34.322400,0.000000
2017-03-31,PWC,1700000,83.872100,0.000000
2017-03-31,PWV,35400000,35.309300,3544070.000000
2017-03-31,PWZ,6750000,25.459200,0.000000
2017-03-31,PXE,2800000,21.223800,0.000000
2017-03-31,PXF,27200000,40.021300,0.000000
2017-03-31,PXH,40900000,19.711200,0.000000
2017-03-31,PXI,4600000,38.860000,0.000000
2017-03-31,PXJ,3800000,11.721800,0.000000
2017-03-31,PXLG,3650000,37.277600,0.000000
2017-03-31,PXLV,2450000,35.452500,0.000000
2017-03-31,PXMG,1950000,34.024500,0.000000
2017-03-31,PXMV,2650000,31.294500,0.000000
2017-03-31,PXQ,600000,43.905700,0.000000
2017-03-31,PXR,550000,34.973600,0.000000
2017-03-31,PXSG,1200000,27.474600,0.000000
2017-03-31,PXSV,3100000,29.107100,0.000000
2017-03-31,PY,250000,28.783800,0.000000
2017-03-31,PYZ,1650000,61.660000,0.000000
2017-03-31,PZA,57250000,25.057400,0.000000
2017-03-31,PZD,2500000,35.479200,-1776385.000000
2017-03-31,PZI,1350000,18.364900,-5481360.000000
2017-03-31,PZT,2650000,24.022300,0.000000
2017-03-31,QABA,8500002,49.920000,0.000000
2017-03-31,QAI,37800000,29.109600,-1454800.000000
2017-03-31,QAT,2400000,19.330000,0.000000
2017-03-31,QAUS,250000,52.462000,0.000000
2017-03-31,QCAN,550000,54.657600,0.000000
2017-03-31,QCLN,3350002,16.720000,0.000000
2017-03-31,QDEF,7450001,40.140200,0.000000
2017-03-31,QDEU,100000,56.287200,0.000000
2017-03-31,QDF,41050001,40.887000,0.000000
2017-03-31,QDYN,1750001,39.894000,0.000000
2017-03-31,QED,150001,20.417100,0.000000
2017-03-31,QEFA,2050000,57.641700,2894515.000000
2017-03-31,QEH,200000,28.673600,0.000000
2017-03-31,QEMM,3025000,55.353100,0.000000
2017-03-31,QESP,50000,46.271800,0.000000
2017-03-31,QGBR,50000,48.931700,0.000000
2017-03-31,QGTA,1500001,22.486500,0.000000
2017-03-31,QID,15387763,19.070000,0.000000
2017-03-31,QINC,1200002,23.140000,0.000000
2017-03-31,QJPN,200000,68.650200,0.000000
2017-03-31,QLC,850001,29.310000,0.000000
2017-03-31,QLD,10200000,107.230000,0.000000
2017-03-31,QLS,100001,20.107600,0.000000
2017-03-31,QLTA,2000000,51.616100,0.000000
2017-03-31,QMN,450000,25.117500,0.000000
2017-03-31,QQEW,9100002,51.420000,5160000.000000
2017-03-31,QQQ,355750000,132.270000,-423552000.000000
2017-03-31,QQQC,550000,23.300000,0.000000
2017-03-31,QQQE,1500001,76.796400,0.000000
2017-03-31,QQXT,2250002,44.500000,-2234500.000000
2017-03-31,QTEC,31750002,59.900000,0.000000
2017-03-31,QUAL,50200000,72.816200,0.000000
2017-03-31,QUS,450000,68.241200,0.000000
2017-03-31,QVM,150000,24.460000,0.000000
2017-03-31,QWLD,400000,67.474900,0.000000
2017-03-31,QYLD,3100000,23.260000,0.000000
2017-03-31,RALS,1025000,38.730000,0.000000
2017-03-31,RAVI,2200001,75.502700,0.000000
2017-03-31,RBL,1650000,19.831900,0.000000
2017-03-31,RCD,900000,92.633000,0.000000
2017-03-31,RDIV,14550000,34.643700,0.000000
2017-03-31,RDVY,5600002,26.400000,0.000000
2017-03-31,REET,15100000,25.283400,0.000000
2017-03-31,REK,950000,16.860000,0.000000
2017-03-31,REM,27500000,45.341000,0.000000
2017-03-31,REML,100000,30.600000,0.000000
2017-03-31,REMX,3474962,17.987600,0.000000
2017-03-31,RETL,900012,31.617000,0.000000
2017-03-31,REW,128079,25.210000,0.000000
2017-03-31,REZ,5950000,63.140600,0.000000
2017-03-31,RFAP,250002,55.550000,0.000000
2017-03-31,RFCI,1050000,24.433700,2441070.000000
2017-03-31,RFDA,1150002,27.839500,0.000000
2017-03-31,RFDI,1950002,56.090000,0.000000
2017-03-31,RFEM,400002,60.080000,0.000000
2017-03-31,RFEU,700002,56.420000,0.000000
2017-03-31,RFFC,750002,28.709600,0.000000
2017-03-31,RFG,3950021,135.276100,0.000000
2017-03-31,RFUN,300000,25.979900,0.000000
2017-03-31,RFV,3400499,62.406500,0.000000
2017-03-31,RGI,1950000,104.427000,0.000000
2017-03-31,RHS,4100000,124.491400,-6226815.000000
2017-03-31,RIGS,11650000,25.142700,0.000000
2017-03-31,RINF,1700001,28.700000,0.000000
2017-03-31,RING,7750000,18.856600,0.000000
2017-03-31,RISE,800040,23.425100,0.000000
2017-03-31,RJA,17230000,6.280000,0.000000
2017-03-31,RJI,48400000,5.060000,0.000000
2017-03-31,RJN,4970000,2.440000,0.000000
2017-03-31,RJZ,1415000,8.160000,0.000000
2017-03-31,RLY,4550000,24.498500,0.000000
2017-03-31,ROAM,1600000,22.459500,0.000000
2017-03-31,ROBO,12550000,32.100000,8050000.000000
2017-03-31,RODI,502000,55.470000,0.000000
2017-03-31,RODM,2300000,25.373600,0.000000
2017-03-31,ROGS,400000,27.528900,0.000000
2017-03-31,ROLA,6000,219.730000,0.000000
2017-03-31,ROM,1250000,122.710000,0.000000
2017-03-31,ROOF,3850000,26.838200,0.000000
2017-03-31,RORE,300000,15.049500,0.000000
2017-03-31,ROUS,900000,26.802000,0.000000
2017-03-31,RPG,21150299,89.681100,0.000000
2017-03-31,RPV,17402836,58.880500,0.000000
2017-03-31,RRF,100000,40.476100,0.000000
2017-03-31,RSP,144752663,90.816100,0.000000
2017-03-31,RSX,119250000,20.680700,8363640.000000
2017-03-31,RSXJ,1733318,40.947400,0.000000
2017-03-31,RTH,971531,78.981800,0.000000
2017-03-31,RTLA,8000,201.050000,0.000000
2017-03-31,RTM,1550000,95.487800,0.000000
2017-03-31,RUSL,1834000,90.139600,0.000000
2017-03-31,RUSS,5924417,6.342200,0.000000
2017-03-31,RVNU,2250001,26.052200,0.000000
2017-03-31,RWJ,7851400,66.416800,0.000000
2017-03-31,RWK,5451400,55.547700,0.000000
2017-03-31,RWL,13101400,45.495100,0.000000
2017-03-31,RWM,7516642,47.560000,0.000000
2017-03-31,RWO,54000000,47.081600,0.000000
2017-03-31,RWR,34181617,92.335800,0.000000
2017-03-31,RWW,550000,59.122500,0.000000
2017-03-31,RWX,97035379,37.323200,0.000000
2017-03-31,RXD,60905,39.250000,0.000000
2017-03-31,RXI,2100000,96.606400,0.000000
2017-03-31,RXL,1200000,70.170000,0.000000
2017-03-31,RYE,4050005,59.172500,0.000000
2017-03-31,RYF,10550000,37.696200,0.000000
2017-03-31,RYH,3300000,159.836500,0.000000
2017-03-31,RYJ,4872822,40.198500,0.000000
2017-03-31,RYT,9950000,120.739000,12099720.000000
2017-03-31,RYU,2250000,84.397100,0.000000
2017-03-31,RZG,1800004,100.274800,0.000000
2017-03-31,RZV,3500040,68.604100,0.000000
2017-03-31,SAA,300000,81.630000,0.000000
2017-03-31,SAGG,100001,31.741100,0.000000
2017-03-31,SBB,443681,38.710000,0.000000
2017-03-31,SBIO,3950000,25.802400,0.000000
2017-03-31,SBM,100000,20.620000,0.000000
2017-03-31,SBV,96000,21.920000,0.000000
2017-03-31,SCAP,111476,30.799000,0.000000
2017-03-31,SCC,62317,30.960000,0.000000
2017-03-31,SCHA,83050000,63.018500,0.000000
2017-03-31,SCHB,150150000,57.044800,0.000000
2017-03-31,SCHC,36100000,31.193400,0.000000
2017-03-31,SCHD,118600001,44.558600,6695505.000000
2017-03-31,SCHE,121800000,23.854700,62761140.000000
2017-03-31,SCHF,276400000,29.780500,59861000.000000
2017-03-31,SCHG,64750000,60.474500,6052050.000000
2017-03-31,SCHH,72900000,40.778500,-2027610.000000
2017-03-31,SCHM,68000000,47.330300,0.000000
2017-03-31,SCHO,32500000,50.459600,0.000000
2017-03-31,SCHP,35300000,55.511600,0.000000
2017-03-31,SCHR,16300000,53.652500,0.000000
2017-03-31,SCHV,65450000,49.665300,0.000000
2017-03-31,SCHX,146400000,56.251100,8455305.000000
2017-03-31,SCHZ,68200000,51.753400,25846650.000000
2017-03-31,SCID,650000,23.990000,0.000000
2017-03-31,SCIF,4424967,52.293700,0.000000
2017-03-31,SCIJ,600000,27.860000,0.000000
2017-03-31,SCIN,1400000,18.260400,0.000000
2017-03-31,SCIU,3600000,27.750000,0.000000
2017-03-31,SCIX,100000,23.440000,0.000000
2017-03-31,SCJ,1900000,66.060400,0.000000
2017-03-31,SCO,5589884,36.703500,0.000000
2017-03-31,SCPB,96200000,30.584200,12228080.000000
2017-03-31,SCTO,300000,24.880000,0.000000
2017-03-31,SCZ,134200000,54.120000,0.000000
2017-03-31,SDD,123326,20.240000,0.000000
2017-03-31,SDEM,700000,15.880000,0.000000
2017-03-31,SDIV,41050000,21.370000,0.000000
2017-03-31,SDOG,52509141,42.926100,0.000000
2017-03-31,SDOW,6386276,35.160000,0.000000
2017-03-31,SDP,312490,28.500000,0.000000
2017-03-31,SDS,105934271,13.460000,-10720000.000000
2017-03-31,SDY,175253658,88.172100,0.000000
2017-03-31,SDYL,240000,71.200000,0.000000
2017-03-31,SEA,9800000,12.220300,0.000000
2017-03-31,SEF,1850000,13.500000,0.000000
2017-03-31,SFLA,9000,220.460000,0.000000
2017-03-31,SGAR,44000,28.210000,0.000000
2017-03-31,SGDJ,1550000,34.580600,0.000000
2017-03-31,SGDM,9800000,20.046700,0.000000
2017-03-31,SGG,856000,36.060000,0.000000
2017-03-31,SGOL,8400000,120.861800,0.000000
2017-03-31,SGQI,1650001,27.270000,0.000000
2017-03-31,SH,57230826,34.500000,17210000.000000
2017-03-31,SHE,4450000,65.201500,0.000000
2017-03-31,SHM,69751082,48.395000,4839390.000000
2017-03-31,SHNY,300001,12.458000,0.000000
2017-03-31,SHV,43600000,110.297800,0.000000
2017-03-31,SHY,130500000,84.526000,0.000000
2017-03-31,SHYD,4850000,24.086700,0.000000
2017-03-31,SHYG,48300000,47.511000,37980880.000000
2017-03-31,SICK,50001,28.005100,0.000000
2017-03-31,SIJ,135842,23.800000,0.000000
2017-03-31,SIL,9897318,35.640000,0.000000
2017-03-31,SILJ,5150000,12.788000,0.000000
2017-03-31,SIPE,550000,19.806000,0.000000
2017-03-31,SIVR,20300000,17.647600,0.000000
2017-03-31,SIZ,100001,21.515900,0.000000
2017-03-31,SIZE,3500000,75.452200,0.000000
2017-03-31,SJB,4700000,24.050000,0.000000
2017-03-31,SJNK,128800000,27.895400,25084350.000000
2017-03-31,SKF,1619832,28.580000,0.000000
2017-03-31,SKOR,800001,50.310000,0.000000
2017-03-31,SKYY,20500002,38.540000,1934500.000000
2017-03-31,SLIM,100001,23.630000,0.000000
2017-03-31,SLQD,6500000,50.360000,0.000000
2017-03-31,SLV,348700000,17.101300,-10283640.000000
2017-03-31,SLVP,5700000,11.570000,0.000000
2017-03-31,SLX,4650000,40.360300,-8082220.000000
2017-03-31,SLY,7000023,121.512400,0.000000
2017-03-31,SLYG,5950007,212.658600,10617855.000000
2017-03-31,SLYV,8701051,118.070800,0.000000
2017-03-31,SMB,15300000,17.460700,0.000000
2017-03-31,SMCP,1100000,24.100000,0.000000
2017-03-31,SMD,2000000,91.009800,0.000000
2017-03-31,SMDD,218686,14.710000,0.000000
2017-03-31,SMEZ,250000,51.887800,0.000000
2017-03-31,SMH,8970937,79.705300,-27907600.000000
2017-03-31,SMHD,1150000,22.520000,0.000000
2017-03-31,SMK,99986,19.870000,0.000000
2017-03-31,SMLF,1200000,35.595900,0.000000
2017-03-31,SMLL,66644,41.390600,0.000000
2017-03-31,SMLV,2300000,91.448500,0.000000
2017-03-31,SMMU,1310000,50.146700,0.000000
2017-03-31,SMN,340969,18.260000,0.000000
2017-03-31,SNLN,26200000,18.590000,12992000.000000
2017-03-31,SNSR,2150000,17.750000,8055000.000000
2017-03-31,SOCL,3400000,24.950000,0.000000
2017-03-31,SOIL,1550000,9.320000,0.000000
2017-03-31,SOJB,0,24.150000,0.000000
2017-03-31,SOP,50001,12.200000,0.000000
2017-03-31,SOXL,3000004,78.281700,3918980.000000
2017-03-31,SOXS,4749748,7.463700,372780.000000
2017-03-31,SOXX,6500000,136.020000,13689000.000000
2017-03-31,SOYB,600004,18.115000,0.000000
2017-03-31,SPDN,2200001,17.513600,0.000000
2017-03-31,SPFF,17650000,13.020000,0.000000
2017-03-31,SPHB,14750000,37.594600,0.000000
2017-03-31,SPHD,76650000,40.522700,6082200.000000
2017-03-31,SPHQ,43500000,27.349100,0.000000
2017-03-31,SPLV,149000000,43.471500,6529830.000000
2017-03-31,SPLX,1000000,40.990000,0.000000
2017-03-31,SPLZ,100000,23.645000,0.000000
2017-03-31,SPMO,50001,28.476200,0.000000
2017-03-31,SPPP,13934468,7.894800,0.000000
2017-03-31,SPUN,250000,22.095300,0.000000
2017-03-31,SPUU,83236,41.415400,0.000000
2017-03-31,SPVU,100001,30.760000,0.000000
2017-03-31,SPXE,125001,48.970000,0.000000
2017-03-31,SPXH,1400000,32.852100,0.000000
2017-03-31,SPXL,4751250,126.424400,0.000000
2017-03-31,SPXN,25001,47.980000,0.000000
2017-03-31,SPXS,50525674,9.058200,0.000000
2017-03-31,SPXT,25001,46.900000,0.000000
2017-03-31,SPXU,40455827,17.150000,0.000000
2017-03-31,SPXV,25001,49.260000,0.000000
2017-03-31,SPY,1022532116,235.730300,-70879320.000000
2017-03-31,SPYB,150000,54.695200,0.000000
2017-03-31,SPYD,4000000,35.256100,0.000000
2017-03-31,SPYG,6650027,113.715400,0.000000
2017-03-31,SPYV,3200716,112.532400,0.000000
2017-03-31,SPYX,2350000,56.956700,0.000000
2017-03-31,SQQQ,14335293,37.110000,0.000000
2017-03-31,SQZZ,100000,25.260000,0.000000
2017-03-31,SRET,2150000,14.895000,0.000000
2017-03-31,SRLN,31100000,47.483600,4745570.000000
2017-03-31,SRS,1095837,33.270000,0.000000
2017-03-31,SRTY,2113142,47.500000,0.000000
2017-03-31,SSG,325984,18.100000,0.000000
2017-03-31,SSO,21650000,84.820000,-25563000.000000
2017-03-31,SST,5200000,30.116600,0.000000
2017-03-31,STIP,12100000,101.362100,15191070.000000
2017-03-31,STPZ,21520000,52.819400,0.000000
2017-03-31,SUB,13550000,105.575000,0.000000
2017-03-31,SVXY,3450000,141.098700,0.000000
2017-03-31,SWIN,200002,26.020000,0.000000
2017-03-31,SYE,100000,66.515100,0.000000
2017-03-31,SYG,350000,68.276800,0.000000
2017-03-31,SYLD,4100000,34.020000,0.000000
2017-03-31,SYV,100000,59.113100,0.000000
2017-03-31,SZK,112457,16.180000,0.000000
2017-03-31,SZO,102300,85.063800,0.000000
2017-03-31,TAGS,50002,25.509900,0.000000
2017-03-31,TAN,11768000,17.323400,0.000000
2017-03-31,TAO,1560000,23.319200,0.000000
2017-03-31,TBF,33000000,23.460000,-8225000.000000
2017-03-31,TBT,55706929,38.620000,-7856000.000000
2017-03-31,TBX,1400000,28.520000,0.000000
2017-03-31,TBZ,100000,26.870000,0.000000
2017-03-31,TCTL,300000,26.859500,0.000000
2017-03-31,TDIV,21555000,31.560000,0.000000
2017-03-31,TDTF,29550001,25.213800,0.000000
2017-03-31,TDTT,80754000,24.867200,0.000000
2017-03-31,TECL,3800000,66.981800,0.000000
2017-03-31,TECS,1317738,12.850900,0.000000
2017-03-31,TECZ,100001,20.210700,0.000000
2017-03-31,TFI,46351036,47.947900,0.000000
2017-03-31,TFLO,400000,50.171400,0.000000
2017-03-31,THD,5600000,77.710900,0.000000
2017-03-31,THHY,200000,23.904300,0.000000
2017-03-31,THRK,2200036,175.975700,0.000000
2017-03-31,TILT,10250001,100.199400,0.000000
2017-03-31,TIP,201000000,114.508100,0.000000
2017-03-31,TIPX,4700000,19.689100,0.000000
2017-03-31,TIPZ,1280000,58.217000,0.000000
2017-03-31,TLDH,900001,26.541300,0.000000
2017-03-31,TLEH,1525001,27.329600,0.000000
2017-03-31,TLH,3900000,134.390900,0.000000
2017-03-31,TLO,6500000,69.804900,0.000000
2017-03-31,TLT,50200000,121.670000,398343000.000000
2017-03-31,TLTD,13000001,60.276800,0.000000
2017-03-31,TLTE,8200001,51.553200,0.000000
2017-03-31,TMF,4250000,18.729000,0.000000
2017-03-31,TMV,19649789,22.406600,0.000000
2017-03-31,TNA,6600033,106.120200,-100092000.000000
2017-03-31,TOFR,240000,16.642200,0.000000
2017-03-31,TOK,3000000,58.233400,0.000000
2017-03-31,TOLZ,975001,41.890000,0.000000
2017-03-31,TOTL,65300000,48.795000,19493680.000000
2017-03-31,TPS,50000,24.950000,0.000000
2017-03-31,TPYP,3000000,23.908900,0.000000
2017-03-31,TQQQ,15150000,88.020000,-4410500.000000
2017-03-31,TRSK,600000,29.115500,0.000000
2017-03-31,TTAC,425000,28.542500,0.000000
2017-03-31,TTFS,2375000,65.279200,-1637305.000000
2017-03-31,TTT,3174917,30.100000,0.000000
2017-03-31,TUR,11400000,35.865100,0.000000
2017-03-31,TUSA,350002,29.190000,0.000000
2017-03-31,TUTI,950004,22.730000,0.000000
2017-03-31,TUTT,2700004,22.070000,0.000000
2017-03-31,TUZ,2602000,50.719800,0.000000
2017-03-31,TWM,7809437,22.310000,-2243000.000000
2017-03-31,TWOK,2450000,81.391200,0.000000
2017-03-31,TYBS,250001,21.402000,0.000000
2017-03-31,TYD,100000,42.791600,0.000000
2017-03-31,TYNS,50001,28.663800,0.000000
2017-03-31,TYO,2000000,14.830800,0.000000
2017-03-31,TZA,28670375,17.967700,0.000000
2017-03-31,UAE,2500000,17.030000,0.000000
2017-03-31,UAG,738000,19.540000,0.000000
2017-03-31,UBC,185000,17.580000,0.000000
2017-03-31,UBG,216000,31.370000,0.000000
2017-03-31,UBIO,1349915,27.100000,0.000000
2017-03-31,UBM,168000,15.050000,0.000000
2017-03-31,UBN,225000,6.890000,0.000000
2017-03-31,UBND,100000,50.260000,0.000000
2017-03-31,UBR,266557,71.160000,0.000000
2017-03-31,UBT,575000,75.790000,0.000000
2017-03-31,UCC,325000,65.420000,0.000000
2017-03-31,UCI,6869000,13.950000,0.000000
2017-03-31,UCIB,1500000,13.970000,0.000000
2017-03-31,UCO,46611317,18.958600,-12202125.000000
2017-03-31,UDBI,104000,28.760000,0.000000
2017-03-31,UDN,1800040,20.842200,0.000000
2017-03-31,UDOW,2000000,108.750000,0.000000
2017-03-31,UGA,2300000,27.263000,0.000000
2017-03-31,UGAZ,22202403,20.790800,-11445995.000000
2017-03-31,UGE,300000,42.740000,0.000000
2017-03-31,UGL,2550000,38.334500,0.000000
2017-03-31,UHN,350000,15.054100,0.000000
2017-03-31,UJB,50000,62.850000,0.000000
2017-03-31,ULE,1000000,14.244100,714005.000000
2017-03-31,ULST,400000,40.245700,0.000000
2017-03-31,UMDD,450000,86.550000,0.000000
2017-03-31,UMX,400000,23.260000,0.000000
2017-03-31,UNG,62366476,7.569100,2271480.000000
2017-03-31,UNL,1100000,10.649500,0.000000
2017-03-31,UOP,49995,28.390000,0.000000
2017-03-31,UPRO,8800000,96.070000,0.000000
2017-03-31,UPV,250000,43.220000,0.000000
2017-03-31,UPW,300000,43.770000,0.000000
2017-03-31,URA,20831666,15.530000,0.000000
2017-03-31,URE,1479372,120.580000,0.000000
2017-03-31,URR,134000,15.890000,0.000000
2017-03-31,URTH,5400000,77.816700,0.000000
2017-03-31,URTY,1100000,124.450000,0.000000
2017-03-31,USAG,100000,18.869400,0.000000
2017-03-31,USCI,14000000,39.207800,-1968040.000000
2017-03-31,USD,475000,78.310000,0.000000
2017-03-31,USDU,7100000,27.130100,0.000000
2017-03-31,USFR,50000,25.058500,0.000000
2017-03-31,USL,5850000,18.518500,0.000000
2017-03-31,USLB,5650001,28.340000,0.000000
2017-03-31,USMR,50000,26.059900,0.000000
2017-03-31,USMV,257900000,47.693600,0.000000
2017-03-31,USO,282500000,10.621400,-18706680.000000
2017-03-31,USRT,1800000,48.881700,0.000000
2017-03-31,UST,950000,57.360000,0.000000
2017-03-31,USV,405000,23.550000,0.000000
2017-03-31,UTES,450004,31.506200,0.000000
2017-03-31,UTLZ,100000,23.452900,0.000000
2017-03-31,UUP,28400040,25.915500,0.000000
2017-03-31,UVXY,22227809,16.195200,0.000000
2017-03-31,UWM,1600000,115.820000,0.000000
2017-03-31,UWT,20725000,19.701600,-12618320.000000
2017-03-31,UXI,425000,53.050000,0.000000
2017-03-31,UYG,8369250,97.260000,0.000000
2017-03-31,UYM,1100000,56.320000,-1411500.000000
2017-03-31,VALX,850000,26.650000,0.000000
2017-03-31,VAW,16637563,118.930000,0.000000
2017-03-31,VB,134938237,133.290000,-69841138.200000
2017-03-31,VBK,42515501,140.740000,-21045393.360000
2017-03-31,VBND,10400000,49.300000,0.000000
2017-03-31,VBR,90617468,122.850000,21483420.300000
2017-03-31,VCIT,152411528,86.500000,0.000000
2017-03-31,VCLT,18103591,90.210000,8990000.000000
2017-03-31,VCR,15502548,138.450000,-3460250.000000
2017-03-31,VCSH,226684325,79.690000,15948000.000000
2017-03-31,VDC,25512200,140.650000,10569750.000000
2017-03-31,VDE,42714518,96.720000,0.000000
2017-03-31,VEA,1212775232,39.210000,0.000000
2017-03-31,VEGA,625000,28.498900,0.000000
2017-03-31,VEGI,1050000,25.951500,0.000000
2017-03-31,VEU,352288092,47.730000,0.000000
2017-03-31,VFH,94312814,60.470000,0.000000
2017-03-31,VGIT,16401191,64.110000,0.000000
2017-03-31,VGK,221489228,51.470000,102862.760000
2017-03-31,VGLT,5966003,75.130000,0.000000
2017-03-31,VGSH,23247516,60.770000,9120000.000000
2017-03-31,VGT,89360445,135.550000,0.000000
2017-03-31,VHT,43813748,137.740000,0.000000
2017-03-31,VIDI,25900000,23.930000,0.000000
2017-03-31,VIG,261543391,89.930000,-112675000.000000
2017-03-31,VIGI,4461861,57.580000,4435.970000
2017-03-31,VIOG,1800000,131.330000,0.000000
2017-03-31,VIOO,4825000,125.690000,6272000.000000
2017-03-31,VIOV,1800000,119.550000,0.000000
2017-03-31,VIS,23002178,123.770000,0.000000
2017-03-31,VIXH,150002,25.116800,0.000000
2017-03-31,VIXM,1187403,31.897000,0.000000
2017-03-31,VIXY,10434451,13.179500,0.000000
2017-03-31,VLU,100000,91.217200,0.000000
2017-03-31,VLUE,36200000,73.122800,7329000.000000
2017-03-31,VMBS,70076190,52.490000,5252000.000000
2017-03-31,VNLA,800001,50.188400,0.000000
2017-03-31,VNM,20750000,14.007800,0.000000
2017-03-31,VNQ,414525891,82.650000,59909.220000
2017-03-31,VNQI,70377514,53.380000,0.000000
2017-03-31,VO,133671949,139.220000,6964000.000000
2017-03-31,VOE,71175636,101.900000,5142867.750000
2017-03-31,VONE,6175000,108.070000,0.000000
2017-03-31,VONG,9201711,116.470000,5835000.000000
2017-03-31,VONV,10100000,100.270000,0.000000
2017-03-31,VOO,294657233,216.400000,21966619.200000
2017-03-31,VOOG,12175000,118.050000,0.000000
2017-03-31,VOOV,6925000,100.250000,0.000000
2017-03-31,VOT,35766586,112.930000,0.000000
2017-03-31,VOX,14688635,94.890000,0.000000
2017-03-31,VPL,57994007,63.110000,0.000000
2017-03-31,VPU,20909338,112.580000,2806250.000000
2017-03-31,VQT,1494000,142.230000,0.000000
2017-03-31,VRIG,2000001,25.110000,0.000000
2017-03-31,VRP,48700000,25.414600,2538300.000000
2017-03-31,VSS,30958071,102.190000,11651.940000
2017-03-31,VT,111142832,65.150000,0.000000
2017-03-31,VTEB,19550709,50.610000,0.000000
2017-03-31,VTHR,2950000,108.180000,5431500.000000
2017-03-31,VTI,627522719,121.320000,49314711.990000
2017-03-31,VTIP,68141811,49.560000,0.000000
2017-03-31,VTV,315815388,95.340000,26388831.040000
2017-03-31,VTWG,1600000,116.130000,0.000000
2017-03-31,VTWO,9000000,109.150000,0.000000
2017-03-31,VTWV,1725000,101.540000,0.000000
2017-03-31,VUG,210009333,121.640000,18285832.110000
2017-03-31,VUSE,16400000,29.210000,0.000000
2017-03-31,VV,84731481,108.090000,5514321.990000
2017-03-31,VWO,1287055165,39.620000,0.000000
2017-03-31,VWOB,12010796,79.490000,0.000000
2017-03-31,VXF,49212400,99.930000,99770000.000000
2017-03-31,VXUS,151147658,49.670000,85054594.320000
2017-03-31,VXX,69990000,15.850000,0.000000
2017-03-31,VXZ,3802000,26.360000,0.000000
2017-03-31,VYM,227948152,77.640000,13627172.130000
2017-03-31,VYMI,4490930,60.520000,12124233.120000
2017-03-31,WBIA,2500000,23.615000,0.000000
2017-03-31,WBIB,2550000,24.827800,0.000000
2017-03-31,WBIC,3700000,22.222100,0.000000
2017-03-31,WBID,2850000,23.245000,0.000000
2017-03-31,WBIE,2550000,23.698000,0.000000
2017-03-31,WBIF,2550000,25.563500,0.000000
2017-03-31,WBIG,3800000,22.188100,0.000000
2017-03-31,WBIH,7550000,24.304000,0.000000
2017-03-31,WBII,9650000,25.149300,0.000000
2017-03-31,WBIL,2850000,24.546500,0.000000
2017-03-31,WBIR,650000,24.329900,0.000000
2017-03-31,WBIY,900000,24.295000,0.000000
2017-03-31,WDIV,1950000,64.403700,0.000000
2017-03-31,WDRW,200000,9.219800,0.000000
2017-03-31,WDTI,4400000,39.842800,0.000000
2017-03-31,WEAT,8875004,6.927800,0.000000
2017-03-31,WEET,26000,32.770000,0.000000
2017-03-31,WEXP,50000,28.167900,0.000000
2017-03-31,WIL,549000,60.970000,0.000000
2017-03-31,WIP,9000483,54.292400,0.000000
2017-03-31,WMCR,900800,30.297000,0.000000
2017-03-31,WMW,713000,26.330000,0.000000
2017-03-31,WOOD,4080000,57.620000,0.000000
2017-03-31,WPS,3700000,35.496100,0.000000
2017-03-31,WREI,500000,46.626700,0.000000
2017-03-31,WSKY,100000,26.267900,0.000000
2017-03-31,WTID,1000000,30.570000,0.000000
2017-03-31,WTIU,1000000,18.060000,0.000000
2017-03-31,WTRX,152000,27.439200,0.000000
2017-03-31,WUSA,75000,28.075600,0.000000
2017-03-31,XAR,8050000,66.802500,0.000000
2017-03-31,XBI,44050000,69.407210,-62303774.400000
2017-03-31,XCEM,450000,24.908800,0.000000
2017-03-31,XES,15350000,20.092000,0.000000
2017-03-31,XHB,28550016,37.229500,-5584860.000000
2017-03-31,XHE,2050000,56.222300,0.000000
2017-03-31,XHS,1750000,58.054300,0.000000
2017-03-31,XINA,100000,21.608200,0.000000
2017-03-31,XITK,100000,63.848500,0.000000
2017-03-31,XIV,8719000,72.949400,0.000000
2017-03-31,XIVH,1000000,50.623100,0.000000
2017-03-31,XLB,68373725,52.394000,-2621280.000000
2017-03-31,XLE,246324200,69.940700,-84181320.000000
2017-03-31,XLF,1000845427,23.750900,242811345.000000
2017-03-31,XLG,3750785,166.889400,0.000000
2017-03-31,XLI,163826000,65.098500,199154630.000000
2017-03-31,XLK,317805897,53.311200,26692000.000000
2017-03-31,XLP,161671809,54.602800,-8207745.000000
2017-03-31,XLRE,73900000,31.611200,4718700.000000
2017-03-31,XLU,136674160,51.293500,-81827680.000000
2017-03-31,XLV,213015324,74.344000,22362840.000000
2017-03-31,XLY,137703252,87.928100,-13185825.000000
2017-03-31,XME,30700230,30.410200,3022280.000000
2017-03-31,XMLV,22700000,42.314800,0.000000
2017-03-31,XMPT,3000000,26.240400,0.000000
2017-03-31,XMX,100004,25.816400,0.000000
2017-03-31,XOP,63350000,37.433500,-103509560.000000
2017-03-31,XPH,11450270,41.861200,0.000000
2017-03-31,XPP,500000,57.040000,0.000000
2017-03-31,XRLV,4000001,29.488000,0.000000
2017-03-31,XRT,11850226,42.288300,0.000000
2017-03-31,XSD,5300000,60.340600,0.000000
2017-03-31,XSLV,22000000,42.865600,0.000000
2017-03-31,XSOE,100000,24.720200,0.000000
2017-03-31,XSW,950000,58.816800,0.000000
2017-03-31,XT,33000000,29.702100,0.000000
2017-03-31,XTH,50000,69.925700,0.000000
2017-03-31,XTL,1050000,70.981200,0.000000
2017-03-31,XTN,3900000,52.918800,0.000000
2017-03-31,XVZ,447000,26.190000,0.000000
2017-03-31,XWEB,50000,59.703200,0.000000
2017-03-31,XXV,11000,38.010000,0.000000
2017-03-31,YANG,5077260,12.102400,0.000000
2017-03-31,YAO,700000,27.535900,0.000000
2017-03-31,YCL,99970,60.418400,0.000000
2017-03-31,YCS,3049290,72.555100,0.000000
2017-03-31,YDIV,550002,17.200000,0.000000
2017-03-31,YINN,6450013,20.027000,0.000000
2017-03-31,YLCO,700000,11.530000,0.000000
2017-03-31,YLD,6875000,41.067300,0.000000
2017-03-31,YMLI,2550000,15.984000,0.000000
2017-03-31,YMLP,3419161,25.868900,0.000000
2017-03-31,YXI,400000,24.140000,0.000000
2017-03-31,YYY,7900000,18.980000,0.000000
2017-03-31,ZBIO,400001,17.120000,0.000000
2017-03-31,ZMLP,4250000,18.525200,0.000000
2017-03-31,ZROZ,1470000,110.851300,0.000000
2017-03-31,ZSL,616976,29.379900,0.000000
